NAME,OBJECTID,FID,EASTING,NORTHING,LINES,NETWORK,Zone,x,y,Bakerloo,Central,Circle,District,Hammersmith,Jubilee,Metropolitan,Northern,Piccadilly,Victoria,Waterloo,Liberty,Lioness,Mildmay,Suffragette,Weaver,Windrush,Beckton,Woolwich,Lewisham,Wimbeck,Loop,Elizabeth
Abbey Road,477,291,539077,183399,n/a,DLR,3,0.005308217,51.5318653,N/A,N/A,N/A,N/A,N/A,N/A,N/A,N/A,N/A,N/A,N/A,N/A,N/A,N/A,N/A,N/A,N/A,9.0300000,6.0300000,,N/A,N/A,N/A
Abbey Wood,511,505,,,n/a,Elizabeth Line,4,0.121400000,51.4910000,,,,,,,,,,,,N/A,N/A,,N/A,N/A,N/A,,,N/A,N/A,N/A,21.0400000
Acton Central,162,258,520632,180296,n/a,London Overground,3,-0.261566477,51.50821824,N/A,N/A,N/A,N/A,N/A,N/A,N/A,N/A,N/A,N/A,N/A,,,5.0000000,,,,N/A,N/A,N/A,N/A,N/A,N/A
Acton Town,204,225,519478,179592,"District, Piccadilly",London Underground,3,-0.278432824,51.50213702,,,,3.0000000,,,,,11.0000000,,,N/A,N/A,N/A,N/A,N/A,N/A,N/A,N/A,N/A,N/A,N/A,N/A
Acton Main Line,501,495,,,n/a,Elizabeth Line,3,-0.266800000,51.51710000,,,,,,,,,,,,N/A,N/A,N/A,N/A,N/A,N/A,N/A,N/A,N/A,N/A,,15.0000000
Addington Village,421,455,537066,163744,n/a,Tramlink,6,-0.031284121,51.35570988,N/A,N/A,N/A,N/A,N/A,N/A,N/A,N/A,N/A,N/A,N/A,N/A,N/A,N/A,N/A,N/A,N/A,N/A,N/A,N/A,,4.0000000,N/A
Addiscombe,425,422,534188,166297,n/a,Tramlink,5,-0.07162576,51.37934189,N/A,N/A,N/A,N/A,N/A,N/A,N/A,N/A,N/A,N/A,N/A,N/A,N/A,N/A,N/A,N/A,N/A,N/A,N/A,N/A,516.0000000,,N/A
Aldgate,84,6,533613,181262,"Metropolitan, Circle",London Underground,1,-0.0742363,51.51398203,,,19.0000000,,,,23.0000000,,,,,N/A,N/A,N/A,N/A,N/A,N/A,N/A,N/A,N/A,N/A,N/A,N/A
Aldgate East,249,61,533936,181375,"Hammersmith & City, District",London Underground,1,-0.069540402,51.51491653,,,,25.0000000,19.0000000,,,,,,,N/A,N/A,N/A,N/A,N/A,N/A,N/A,N/A,N/A,N/A,N/A,N/A
All Saints,448,170,537979,180993,n/a,DLR,2,-0.011456278,51.51051157,N/A,N/A,N/A,N/A,N/A,N/A,N/A,N/A,N/A,N/A,N/A,N/A,N/A,N/A,N/A,N/A,N/A,,,12.0200000,N/A,N/A,N/A
Alperton,13,309,517996,183795,Piccadilly,London Underground,4,-0.298361133,51.54022715,,,,,,,,,11.0400000,,,N/A,N/A,N/A,N/A,N/A,N/A,N/A,N/A,N/A,N/A,N/A,N/A
Amersham,284,472,496372,198181,Metropolitan,London Underground,9,-0.606146762,51.67366188,,,,,,,1.0000000,,,,,N/A,N/A,N/A,N/A,N/A,N/A,N/A,N/A,N/A,N/A,N/A,N/A
Ampere Way,406,365,530664,166485,n/a,Tramlink,4,-0.122172554,51.3818536,N/A,N/A,N/A,N/A,N/A,N/A,N/A,N/A,N/A,N/A,N/A,N/A,N/A,N/A,N/A,N/A,N/A,N/A,N/A,N/A,11.0000000,,N/A
Anerley,349,375,534617,169899,n/a,London Overground,4,-0.06410424,51.411617,N/A,N/A,N/A,N/A,N/A,N/A,N/A,N/A,N/A,N/A,N/A,,,,,,19.0000000,N/A,N/A,N/A,N/A,N/A,N/A
Angel,331,59,531561,183100,Northern,London Underground,1,-0.103116359,51.5309796,,,,,,,,13.0000000,,,,N/A,N/A,N/A,N/A,N/A,N/A,N/A,N/A,N/A,N/A,N/A,N/A
Archway,301,107,529364,186721,Northern,London Underground,2,-0.13344404,51.56403452,,,,,,,,10.0300000,,,,N/A,N/A,N/A,N/A,N/A,N/A,N/A,N/A,N/A,N/A,N/A,N/A
Arena,428,366,535194,167627,n/a,Tramlink,4,-0.056679487,51.39105665,N/A,N/A,N/A,N/A,N/A,N/A,N/A,N/A,N/A,N/A,N/A,N/A,N/A,N/A,N/A,N/A,N/A,N/A,N/A,N/A,519.0000000,,N/A
Arnos Grove,22,310,529355,192498,Piccadilly,London Underground,4,-0.131434823,51.61595478,,,,,,,,,35.0000000,,,N/A,N/A,N/A,N/A,N/A,N/A,N/A,N/A,N/A,N/A,N/A,N/A
Arsenal,21,80,531305,186112,Piccadilly,London Underground,2,-0.105674399,51.55811105,,,,,,,,,29.0000000,,,N/A,N/A,N/A,N/A,N/A,N/A,N/A,N/A,N/A,N/A,N/A,N/A
Avenue Road,432,370,535745,169322,n/a,Tramlink,4,-0.048118188,51.40615963,N/A,N/A,N/A,N/A,N/A,N/A,N/A,N/A,N/A,N/A,N/A,N/A,N/A,N/A,N/A,N/A,N/A,N/A,N/A,N/A,522.0000000,,N/A
Baker Street,92,14,527955,182064,"Metropolitan, Bakerloo, Circle, Jubilee, Hammersmith & City",London Underground,1,-0.155454387,51.52249387,17.0000000,,11.0000000,,11.0000000,14.0000000,15.0000000,,,,,N/A,N/A,N/A,N/A,N/A,N/A,N/A,N/A,N/A,N/A,N/A,N/A
Balham,304,238,528480,173244,Northern,London Underground,3,-0.151090206,51.44310998,,,,,,,,26.0000000,,,,N/A,N/A,N/A,N/A,N/A,N/A,N/A,N/A,N/A,N/A,N/A,N/A
Bank,47,35,532710,181120,"Waterloo & City, Northern, Central",London Underground,1,-0.08729695,51.51291511,,23.0000000,,,,,,16.0000000,,,2.0000000,N/A,N/A,N/A,N/A,N/A,N/A,N/A,N/A,N/A,N/A,N/A,N/A
Bank (DLR),473,67,532709,181114,n/a,DLR,1,-0.087316571,51.51286207,N/A,N/A,N/A,N/A,N/A,N/A,N/A,N/A,N/A,N/A,N/A,N/A,N/A,N/A,N/A,N/A,N/A,,13.0000000,16.0000000,N/A,N/A,N/A
Barbican,87,9,532004,181856,"Metropolitan, Circle, Hammersmith & City",London Underground,1,-0.097189673,51.51969921,,,16.0000000,,16.0000000,,20.0000000,,,,,N/A,N/A,N/A,N/A,N/A,N/A,N/A,N/A,N/A,N/A,N/A,N/A
Barking,200,328,544359,184382,"District, Hammersmith & City",London Underground,4,0.081813552,51.53937511,,,,35.0000000,29.0000000,,,,,,,N/A,N/A,N/A,N/A,N/A,N/A,N/A,N/A,N/A,N/A,N/A,N/A
Barking (Overground),368,378,544422,184332,n/a,London Overground,4,0.082703641,51.53890805,N/A,N/A,N/A,N/A,N/A,N/A,N/A,N/A,N/A,N/A,N/A,,,,12.0000000,,,N/A,N/A,N/A,N/A,N/A,N/A
Barking Riverside,515,509,,,n/a,London Overground,4,0.114764000,51.51910800,N/A,,N/A,N/A,N/A,N/A,N/A,N/A,N/A,N/A,N/A,,,,13.0000000,,,N/A,N/A,N/A,N/A,N/A,N/A
Barkingside,62,321,544799,189494,Central,London Underground,4,0.090259547,51.58519895,,29.0500000,,,,,,,,,,N/A,N/A,N/A,N/A,N/A,N/A,N/A,N/A,N/A,N/A,N/A,N/A
Barons Court,243,131,524046,178328,"District, Piccadilly",London Underground,2,-0.213088174,51.48978737,,,,9.0000000,,,,,14.0000000,,,N/A,N/A,N/A,N/A,N/A,N/A,N/A,N/A,N/A,N/A,N/A,N/A
Battersea Power Station,485,479,,,Northern,London Undergound,1,-0.142198000,51.47970800,,,,,,,,10.0012000,,,,N/A,N/A,N/A,N/A,N/A,N/A,N/A,N/A,N/A,N/A,N/A,N/A
Bayswater,95,17,525843,180823,"District, Circle",London Underground,1,-0.186322701,51.51181507,,,35.0000000,11.0003000,,,,,,,,N/A,N/A,N/A,N/A,N/A,N/A,N/A,N/A,N/A,N/A,N/A,N/A
Beckenham Junction (Tramlink),434,372,537365,169843,n/a,Tramlink,4,-0.024636241,51.41045194,N/A,N/A,N/A,N/A,N/A,N/A,N/A,N/A,N/A,N/A,N/A,N/A,N/A,N/A,N/A,N/A,N/A,N/A,N/A,N/A,524.0000000,,N/A
Beckenham Road,433,371,536190,169660,n/a,Tramlink,4,-0.04159356,51.40909636,N/A,N/A,N/A,N/A,N/A,N/A,N/A,N/A,N/A,N/A,N/A,N/A,N/A,N/A,N/A,N/A,N/A,N/A,N/A,N/A,523.0000000,,N/A
Beckton,435,272,543165,181514,n/a,DLR,3,0.063442568,51.51390419,N/A,N/A,N/A,N/A,N/A,N/A,N/A,N/A,N/A,N/A,N/A,N/A,N/A,N/A,N/A,N/A,N/A,1.0000000,,,N/A,N/A,N/A
Beckton Park,436,273,542705,180873,n/a,DLR,3,0.056557435,51.50826026,N/A,N/A,N/A,N/A,N/A,N/A,N/A,N/A,N/A,N/A,N/A,N/A,N/A,N/A,N/A,N/A,N/A,4.0000000,,,N/A,N/A,N/A
Becontree,108,380,547628,184527,District,London Underground,5,0.128978641,51.53983401,,,,37.0000000,,,,,,,,N/A,N/A,N/A,N/A,N/A,N/A,N/A,N/A,N/A,N/A,N/A,N/A
Beddington Lane,404,363,529316,167236,n/a,Tramlink,4,-0.141260885,51.38891199,N/A,N/A,N/A,N/A,N/A,N/A,N/A,N/A,N/A,N/A,N/A,N/A,N/A,N/A,N/A,N/A,N/A,N/A,N/A,N/A,9.0000000,,N/A
Belgrave Walk,401,360,526809,168456,n/a,Tramlink,4,-0.176840028,51.40044481,N/A,N/A,N/A,N/A,N/A,N/A,N/A,N/A,N/A,N/A,N/A,N/A,N/A,N/A,N/A,N/A,N/A,N/A,N/A,N/A,6.0000000,,N/A
Belsize Park,310,111,527354,185089,Northern,London Underground,2,-0.163016956,51.54982085,,,,,,,,8.0000000,,,,N/A,N/A,N/A,N/A,N/A,N/A,N/A,N/A,N/A,N/A,N/A,N/A
Bermondsey,291,140,534460,179416,Jubilee,London Underground,2,-0.062745893,51.49718984,,,,,,21.0000000,,,,,,N/A,N/A,N/A,N/A,N/A,N/A,N/A,N/A,N/A,N/A,N/A,N/A
Bethnal Green,53,90,535044,182718,Central,London Underground,2,-0.053074702,51.52672839,,25.0000000,,,,,,,,,,N/A,N/A,N/A,N/A,N/A,N/A,N/A,N/A,N/A,N/A,N/A,N/A
Bethnal Green,130,142,534721,182351,n/a,London Overground,2,-0.057862441,51.52350343,N/A,N/A,N/A,N/A,N/A,N/A,N/A,N/A,N/A,N/A,N/A,,,,,2.0000000,,N/A,N/A,N/A,N/A,N/A,N/A
Birkbeck (Tramlink),431,369,535305,168963,n/a,Tramlink,4,-0.054580141,51.40304289,N/A,N/A,N/A,N/A,N/A,N/A,N/A,N/A,N/A,N/A,N/A,N/A,N/A,N/A,N/A,N/A,N/A,N/A,N/A,N/A,521.0000000,,N/A
Blackfriars,79,1,531694,180893,"District, Circle",London Underground,1,-0.102020251,51.51111447,,,24.0000000,20.0000000,,,,,,,,N/A,N/A,N/A,N/A,N/A,N/A,N/A,N/A,N/A,N/A,N/A,N/A
Blackhorse Lane,426,423,534377,166865,n/a,Tramlink,5,-0.06870387,51.3844061,N/A,N/A,N/A,N/A,N/A,N/A,N/A,N/A,N/A,N/A,N/A,N/A,N/A,N/A,N/A,N/A,N/A,N/A,N/A,N/A,517.0000000,,N/A
Blackhorse Road,117,206,535761,189370,Victoria,London Underground,3,-0.040174342,51.58633801,,,,,,,,,,14.0000000,,N/A,N/A,N/A,N/A,N/A,N/A,N/A,N/A,N/A,N/A,N/A,N/A
Blackhorse Road,163,259,535796,189387,n/a,London Overground,3,-0.039657577,51.58647957,N/A,N/A,N/A,N/A,N/A,N/A,N/A,N/A,N/A,N/A,N/A,,,,6.0000000,,,N/A,N/A,N/A,N/A,N/A,N/A
Blackwall,449,171,538398,180664,n/a,DLR,2,-0.005550544,51.50745237,N/A,N/A,N/A,N/A,N/A,N/A,N/A,N/A,N/A,N/A,N/A,N/A,N/A,N/A,N/A,N/A,N/A,11.0000000,8.0000000,,N/A,N/A,N/A
Bond Street,42,34,528491,181118,"Central, Jubilee",London Underground,1,-0.148076884,51.51387033,,17.0000000,,,,15.0000000,,,,,,N/A,N/A,N/A,N/A,N/A,N/A,N/A,N/A,N/A,N/A,N/A,N/A
Bond Street,503,497,,,n/a,Elizabeth Line,1,-0.148076884,51.51387033,,,,,,,,,,,,N/A,N/A,N/A,N/A,N/A,N/A,N/A,N/A,N/A,N/A,N/A,17.0000000
Borough,329,57,532440,179751,Northern,London Underground,1,-0.091702818,51.50067969,,,,,,,,18.0000000,,,,N/A,N/A,N/A,N/A,N/A,N/A,N/A,N/A,N/A,N/A,N/A,N/A
Boston Manor,217,333,516334,178693,Piccadilly,London Underground,4,-0.32401176,51.494711,,,,,,,,,8.0000000,,,N/A,N/A,N/A,N/A,N/A,N/A,N/A,N/A,N/A,N/A,N/A,N/A
Bounds Green,194,221,529984,191469,Piccadilly,London Underground,3,-0.122731021,51.60656487,,,,,,,,,34.0000000,,,N/A,N/A,N/A,N/A,N/A,N/A,N/A,N/A,N/A,N/A,N/A,N/A
Bow Church,450,172,537393,182829,n/a,DLR,2,-0.01918061,51.52715522,N/A,N/A,N/A,N/A,N/A,N/A,N/A,N/A,N/A,N/A,N/A,N/A,N/A,N/A,N/A,N/A,N/A,,,12.0500000,N/A,N/A,N/A
Bow Road,251,137,537090,182736,"District, Hammersmith & City",London Underground,2,-0.02358427,51.52639287,,,,29.0000000,23.0000000,,,,,,,N/A,N/A,N/A,N/A,N/A,N/A,N/A,N/A,N/A,N/A,N/A,N/A
Brent Cross,1,208,523874,187934,Northern,London Underground,3,-0.212185251,51.57616797,,,,,,,,5.0000000,,,,N/A,N/A,N/A,N/A,N/A,N/A,N/A,N/A,N/A,N/A,N/A,N/A
Brentwood,393,475,559339,193033,n/a,Elizabeth Line,0,0.301589064,51.61307149,,,,,,,,,,,,N/A,N/A,N/A,N/A,N/A,N/A,N/A,N/A,N/A,N/A,N/A,33.0000000
Brixton,111,75,531052,175429,Victoria,London Underground,2,-0.113288835,51.46215131,,,,,,,,,,1.0000000,,N/A,N/A,N/A,N/A,N/A,N/A,N/A,N/A,N/A,N/A,N/A,N/A
Brockley,344,129,536431,175789,n/a,London Overground,2,-0.035763775,51.46411871,N/A,N/A,N/A,N/A,N/A,N/A,N/A,N/A,N/A,N/A,N/A,,,,,,14.0000000,N/A,N/A,N/A,N/A,N/A,N/A
Bromley-by-Bow,68,216,538050,182524,"District, Hammersmith & City",London Underground,3,-0.009841042,51.52424987,,,,30.0000000,24.0000000,,,,,,,N/A,N/A,N/A,N/A,N/A,N/A,N/A,N/A,N/A,N/A,N/A,N/A
Brondesbury,164,153,524760,184467,n/a,London Overground,2,-0.200631035,51.5448108,N/A,N/A,N/A,N/A,N/A,N/A,N/A,N/A,N/A,N/A,N/A,,,9.0000000,,,,N/A,N/A,N/A,N/A,N/A,N/A
Brondesbury Park,165,154,524227,183953,n/a,London Overground,2,-0.208495753,51.54030862,N/A,N/A,N/A,N/A,N/A,N/A,N/A,N/A,N/A,N/A,N/A,,,8.0000000,,,,N/A,N/A,N/A,N/A,N/A,N/A
Bruce Grove,131,253,533800,190100,n/a,London Overground,3,-0.068182034,51.59336509,N/A,N/A,N/A,N/A,N/A,N/A,N/A,N/A,N/A,N/A,N/A,,,,,10.0000000,,N/A,N/A,N/A,N/A,N/A,N/A
Buckhurst Hill,120,382,541778,193891,Central,London Underground,5,0.048455336,51.62548342,,33.0000000,,,,,,,,,,N/A,N/A,N/A,N/A,N/A,N/A,N/A,N/A,N/A,N/A,N/A,N/A
Burnham,491,485,,,n/a,Elizabeth Line,ofz,-0.646000000,51.52400000,,,,,,,,,,,,N/A,N/A,N/A,N/A,N/A,N/A,N/A,N/A,N/A,N/A,N/A,5.0000000
Burnt Oak,3,304,520326,190760,Northern,London Underground,4,-0.262398845,51.60233699,,,,,,,,2.0000000,,,,N/A,N/A,N/A,N/A,N/A,N/A,N/A,N/A,N/A,N/A,N/A,N/A
Bush Hill Park,132,403,533690,195389,n/a,London Overground,5,-0.067751096,51.64092455,N/A,N/A,N/A,N/A,N/A,N/A,N/A,N/A,N/A,N/A,N/A,,,,,14.0000000,,N/A,N/A,N/A,N/A,N/A,N/A
Bushey,366,470,511823,195237,n/a,London Overground,8,-0.38369919,51.64433251,N/A,N/A,N/A,N/A,N/A,N/A,N/A,N/A,N/A,N/A,N/A,,3.0000000,,,,,N/A,N/A,N/A,N/A,N/A,N/A
Caledonian Road,19,78,530558,184970,Piccadilly,London Underground,2,-0.116864262,51.54801774,,,,,,,,,27.0000000,,,N/A,N/A,N/A,N/A,N/A,N/A,N/A,N/A,N/A,N/A,N/A,N/A
Caledonian Road & Barnsbury,166,155,530765,184374,n/a,London Overground,2,-0.114106929,51.54261531,N/A,N/A,N/A,N/A,N/A,N/A,N/A,N/A,N/A,N/A,N/A,,,16.0000000,,,,N/A,N/A,N/A,N/A,N/A,N/A
Cambridge Heath,133,143,534856,183270,n/a,London Overground,2,-0.055565622,51.53173049,N/A,N/A,N/A,N/A,N/A,N/A,N/A,N/A,N/A,N/A,N/A,,,,,3.0000000,,N/A,N/A,N/A,N/A,N/A,N/A
Camden Road,167,156,529171,184178,n/a,London Overground,2,-0.137154414,51.54122083,N/A,N/A,N/A,N/A,N/A,N/A,N/A,N/A,N/A,N/A,N/A,,,15.0000000,,,,N/A,N/A,N/A,N/A,N/A,N/A
Camden Town,314,115,528910,183894,Northern,London Underground,2,-0.141016888,51.53872412,,,,,,,,10.0000000,,,,N/A,N/A,N/A,N/A,N/A,N/A,N/A,N/A,N/A,N/A,N/A,N/A
Canada Water,336,122,535475,179472,n/a,London Overground,2,-0.048105945,51.49744864,N/A,N/A,N/A,N/A,N/A,N/A,N/A,N/A,N/A,N/A,N/A,,,,,,11.0000000,N/A,N/A,N/A,N/A,N/A,N/A
Canada Water,290,139,535457,179467,Jubilee,London Underground,2,-0.048372238,51.49740822,,,,,,22.0000000,,,,,,N/A,N/A,N/A,N/A,N/A,N/A,N/A,N/A,N/A,N/A,N/A,N/A
Canary Wharf,292,141,537677,180140,Jubilee,London Underground,2,-0.016134819,51.50291749,,,,,,23.0000000,,,,,,N/A,N/A,N/A,N/A,N/A,N/A,N/A,N/A,N/A,N/A,N/A,N/A
Canary Wharf (DLR),451,173,537450,180322,n/a,DLR,2,-0.019337121,51.50461022,N/A,N/A,N/A,N/A,N/A,N/A,N/A,N/A,N/A,N/A,N/A,N/A,N/A,N/A,N/A,N/A,N/A,,,11.0000000,N/A,N/A,N/A
Canary Wharf (Elizabeth line),508,502,,,n/a,Elizabeth Line,2,-0.017931000,51.50615300,,,,,,,,,,,,N/A,N/A,N/A,N/A,N/A,N/A,N/A,N/A,,N/A,N/A,21.0100000
Canning Town,294,233,539428,181377,Jubilee,London Underground,3,0.009568884,51.51360991,,,,,,25.0000000,,,,,,N/A,N/A,N/A,N/A,N/A,N/A,N/A,N/A,N/A,N/A,N/A,N/A
Canning Town (DLR),452,284,539443,181354,n/a,DLR,3,0.009772469,51.51339633,N/A,N/A,N/A,N/A,N/A,N/A,N/A,N/A,N/A,N/A,N/A,N/A,N/A,N/A,N/A,N/A,N/A,9.0000000,6.0000000,,N/A,N/A,N/A
Cannon Street,81,3,532611,180900,"District, Circle",London Underground,1,-0.088801035,51.51096254,,,22.0000000,22.0000000,,,,,,,,N/A,N/A,N/A,N/A,N/A,N/A,N/A,N/A,N/A,N/A,N/A,N/A
Canonbury,168,157,532384,185035,n/a,London Overground,2,-0.090522836,51.54817851,N/A,N/A,N/A,N/A,N/A,N/A,N/A,N/A,N/A,N/A,N/A,,,18.0000000,,,2.0000000,N/A,N/A,N/A,N/A,N/A,N/A
Canons Park,286,400,518187,191252,Jubilee,London Underground,5,-0.293102561,51.60721294,,,,,,2.0000000,,,,,,N/A,N/A,N/A,N/A,N/A,N/A,N/A,N/A,N/A,N/A,N/A,N/A
Carpenders Park,169,465,511833,193398,n/a,London Overground,7,-0.384142381,51.62780024,N/A,N/A,N/A,N/A,N/A,N/A,N/A,N/A,N/A,N/A,N/A,,4.0000000,,,,,N/A,N/A,N/A,N/A,N/A,N/A
Centrale,410,412,532066,165786,n/a,Tramlink,5,-0.102295527,51.37525458,N/A,N/A,N/A,N/A,N/A,N/A,N/A,N/A,N/A,N/A,N/A,N/A,N/A,N/A,N/A,N/A,N/A,N/A,N/A,N/A,213.0000000,3010.0000000,N/A
Chadwell Heath,389,408,547676,187607,n/a,Elizabeth Line,5,0.130973337,51.56749975,,,,,,,,,,,,N/A,N/A,N/A,N/A,N/A,N/A,N/A,N/A,N/A,N/A,N/A,29.0000000
Chalfont & Latimer,320,466,499634,197564,Metropolitan,London Underground,8,-0.559159868,51.66754646,,,,,,,2.0000000,,,,,N/A,N/A,N/A,N/A,N/A,N/A,N/A,N/A,N/A,N/A,N/A,N/A
Chalk Farm,313,114,528202,184391,Northern,London Underground,2,-0.151037017,51.54335257,,,,,,,,9.0000000,,,,N/A,N/A,N/A,N/A,N/A,N/A,N/A,N/A,N/A,N/A,N/A,N/A
Chancery Lane,50,38,531124,181615,Central,London Underground,1,-0.109960547,51.5177395,,21.0000000,,,,,,,,,,N/A,N/A,N/A,N/A,N/A,N/A,N/A,N/A,N/A,N/A,N/A,N/A
Charing Cross,229,48,530058,180378,"Bakerloo, Northern",London Underground,1,-0.125777173,51.50686754,21.0000000,,,,,,,10.0007000,,,,N/A,N/A,N/A,N/A,N/A,N/A,N/A,N/A,N/A,N/A,N/A,N/A
Chesham,322,471,496079,201633,Metropolitan,London Underground,9,-0.609421076,51.70474175,,,,,,,2.0100000,,,,,N/A,N/A,N/A,N/A,N/A,N/A,N/A,N/A,N/A,N/A,N/A,N/A
Cheshunt,134,467,536644,202316,n/a,London Overground,8,-0.022373213,51.70246665,N/A,N/A,N/A,N/A,N/A,N/A,N/A,N/A,N/A,N/A,N/A,,,,,13.0400000,,N/A,N/A,N/A,N/A,N/A,N/A
Chigwell,66,325,543795,193021,Central,London Underground,4,0.077229167,51.61715195,,29.0900000,,,,,,,,,,N/A,N/A,N/A,N/A,N/A,N/A,N/A,N/A,N/A,N/A,N/A,N/A
Chingford,135,404,539210,194632,n/a,London Overground,5,0.011677573,51.63278212,N/A,N/A,N/A,N/A,N/A,N/A,N/A,N/A,N/A,N/A,N/A,,,,,2.0700000,,N/A,N/A,N/A,N/A,N/A,N/A
Chiswick Park,99,202,520293,178724,District,London Underground,3,-0.266981606,51.49415785,,,,4.0000000,,,,,,,,N/A,N/A,N/A,N/A,N/A,N/A,N/A,N/A,N/A,N/A,N/A,N/A
Chorleywood,321,459,502581,196095,Metropolitan,London Underground,7,-0.516985176,51.65380677,,,,,,,3.0000000,,,,,N/A,N/A,N/A,N/A,N/A,N/A,N/A,N/A,N/A,N/A,N/A,N/A
Church Street,413,415,532037,165557,n/a,Tramlink,5,-0.102795537,51.37319514,N/A,N/A,N/A,N/A,N/A,N/A,N/A,N/A,N/A,N/A,N/A,N/A,N/A,N/A,N/A,N/A,N/A,N/A,N/A,N/A,713.0000000,2010.0000000,N/A
Clapham Common,306,109,529505,175338,Northern,London Underground,2,-0.135588991,51.46169503,,,,,,,,24.0000000,,,,N/A,N/A,N/A,N/A,N/A,N/A,N/A,N/A,N/A,N/A,N/A,N/A
Clapham High Street,136,144,529804,175717,n/a,London Overground,2,-0.131145084,51.46503062,N/A,N/A,N/A,N/A,N/A,N/A,N/A,N/A,N/A,N/A,N/A,,,,,,12.0400000,N/A,N/A,N/A,N/A,N/A,N/A
Clapham Junction,374,198,527211,175416,n/a,London Overground,2,-0.16856542,51.4629141,N/A,N/A,N/A,N/A,N/A,N/A,N/A,N/A,N/A,N/A,N/A,,,6.0400000,,,12.0600000,N/A,N/A,N/A,N/A,N/A,N/A
Clapham North,307,110,530039,175743,Northern,London Underground,2,-0.127754372,51.4652144,,,,,,,,23.0000000,,,,N/A,N/A,N/A,N/A,N/A,N/A,N/A,N/A,N/A,N/A,N/A,N/A
Clapham South,305,108,528834,174323,Northern,London Underground,2,-0.145610374,51.45272059,,,,,,,,25.0000000,,,,N/A,N/A,N/A,N/A,N/A,N/A,N/A,N/A,N/A,N/A,N/A,N/A
Clapton,137,473,534775,186528,n/a,London Overground,0,-0.055484597,51.56103029,N/A,N/A,N/A,N/A,N/A,N/A,N/A,N/A,N/A,N/A,N/A,,,,,2.0200000,,N/A,N/A,N/A,N/A,N/A,N/A
Cockfosters,24,384,528141,196370,Piccadilly,London Underground,5,-0.147553187,51.65103526,,,,,,,,,38.0000000,,,N/A,N/A,N/A,N/A,N/A,N/A,N/A,N/A,N/A,N/A,N/A,N/A
Colindale,2,303,521319,189962,Northern,London Underground,4,-0.248341905,51.59494713,,,,,,,,3.0000000,,,,N/A,N/A,N/A,N/A,N/A,N/A,N/A,N/A,N/A,N/A,N/A,N/A
Colliers Wood,300,235,526788,170368,Northern,London Underground,3,-0.176460893,51.41763979,,,,,,,,29.0000000,,,,N/A,N/A,N/A,N/A,N/A,N/A,N/A,N/A,N/A,N/A,N/A,N/A
Coombe Lane,419,421,535159,164090,n/a,Tramlink,5,-0.058520648,51.35927821,N/A,N/A,N/A,N/A,N/A,N/A,N/A,N/A,N/A,N/A,N/A,N/A,N/A,N/A,N/A,N/A,N/A,N/A,N/A,N/A,,6.0000000,N/A
Covent Garden,17,28,530251,181025,Piccadilly,London Underground,1,-0.122759938,51.51263471,,,,,,,,,23.0000000,,,N/A,N/A,N/A,N/A,N/A,N/A,N/A,N/A,N/A,N/A,N/A,N/A
Crossharbour,453,174,537927,179309,n/a,DLR,2,-0.012863868,51.49538997,N/A,N/A,N/A,N/A,N/A,N/A,N/A,N/A,N/A,N/A,N/A,N/A,N/A,N/A,N/A,N/A,N/A,,,8.0000000,N/A,N/A,N/A
Crouch Hill,170,260,530590,187513,n/a,London Overground,3,-0.115463356,51.57086778,N/A,N/A,N/A,N/A,N/A,N/A,N/A,N/A,N/A,N/A,N/A,,,,3.0000000,,,N/A,N/A,N/A,N/A,N/A,N/A
Croxley,326,462,507909,195403,Metropolitan,London Underground,7,-0.44019171,51.64658792,,,,,,,5.0100000,,,,,N/A,N/A,N/A,N/A,N/A,N/A,N/A,N/A,N/A,N/A,N/A,N/A
Crystal Palace,381,474,534111,170555,n/a,London Overground,0,-0.071128264,51.41763277,N/A,N/A,N/A,N/A,N/A,N/A,N/A,N/A,N/A,N/A,N/A,,,,,,17.0100000,N/A,N/A,N/A,N/A,N/A,N/A
Custom House,437,274,540731,180925,n/a,DLR,3,0.028149357,51.50922299,N/A,N/A,N/A,N/A,N/A,N/A,N/A,N/A,N/A,N/A,N/A,N/A,N/A,N/A,N/A,N/A,N/A,7.0000000,,,N/A,N/A,N/A
Custom House,509,503,,,n/a,Elizabeth Line,2,0.028149357,51.50922299,,,,,,,,,,,,N/A,N/A,N/A,N/A,N/A,N/A,,N/A,,N/A,N/A,21.0200000
Cutty Sark,454,175,538206,177733,n/a,DLR,2,-0.009463903,51.48115778,N/A,N/A,N/A,N/A,N/A,N/A,N/A,N/A,N/A,N/A,N/A,N/A,N/A,N/A,N/A,N/A,N/A,,,5.0000000,N/A,N/A,N/A
Cyprus,438,275,543331,180860,n/a,DLR,3,0.065567428,51.50798477,N/A,N/A,N/A,N/A,N/A,N/A,N/A,N/A,N/A,N/A,N/A,N/A,N/A,N/A,N/A,N/A,N/A,3.0000000,,,N/A,N/A,N/A
Dagenham East,127,401,550294,185030,District,London Underground,5,0.167617456,51.54364955,,,,39.0000000,,,,,,,,N/A,N/A,N/A,N/A,N/A,N/A,N/A,N/A,N/A,N/A,N/A,N/A
Dagenham Heathway,109,381,549023,184710,District,London Underground,5,0.149158377,51.54110645,,,,38.0000000,,,,,,,,N/A,N/A,N/A,N/A,N/A,N/A,N/A,N/A,N/A,N/A,N/A,N/A
Dalston Junction,342,127,533578,184692,n/a,London Overground,2,-0.07344152,51.5448144,N/A,N/A,N/A,N/A,N/A,N/A,N/A,N/A,N/A,N/A,N/A,,,,,,3.0000000,N/A,N/A,N/A,N/A,N/A,N/A
Dalston Kingsland,171,158,533528,185027,n/a,London Overground,2,-0.074035153,51.54783695,N/A,N/A,N/A,N/A,N/A,N/A,N/A,N/A,N/A,N/A,N/A,,,19.0000000,,,,N/A,N/A,N/A,N/A,N/A,N/A
Debden,124,427,544273,196122,Central,London Underground,6,0.085403181,51.64489405,,35.0000000,,,,,,,,,,N/A,N/A,N/A,N/A,N/A,N/A,N/A,N/A,N/A,N/A,N/A,N/A
Denmark Hill,138,145,532792,176078,n/a,London Overground,2,-0.088015106,51.46758176,N/A,N/A,N/A,N/A,N/A,N/A,N/A,N/A,N/A,N/A,N/A,,,,,,12.0300000,N/A,N/A,N/A,N/A,N/A,N/A
Deptford Bridge,455,176,537438,176892,n/a,DLR,2,-0.020845808,51.47378671,N/A,N/A,N/A,N/A,N/A,N/A,N/A,N/A,N/A,N/A,N/A,N/A,N/A,N/A,N/A,N/A,N/A,,,3.0000000,N/A,N/A,N/A
Devons Road,456,177,537639,182257,n/a,DLR,2,-0.015859691,51.52195436,N/A,N/A,N/A,N/A,N/A,N/A,N/A,N/A,N/A,N/A,N/A,N/A,N/A,N/A,N/A,N/A,N/A,,,12.0400000,N/A,N/A,N/A
Dollis Hill,254,246,522190,185144,Jubilee,London Underground,3,-0.237445148,51.55145847,,,,,,7.0000000,,,,,,N/A,N/A,N/A,N/A,N/A,N/A,N/A,N/A,N/A,N/A,N/A,N/A
Dundonald Road,397,270,524728,170256,n/a,Tramlink,3,-0.206116509,51.41708633,N/A,N/A,N/A,N/A,N/A,N/A,N/A,N/A,N/A,N/A,N/A,N/A,N/A,N/A,N/A,N/A,N/A,N/A,N/A,N/A,2.0000000,,N/A
Ealing Broadway,203,224,517989,180933,"District, Central",London Underground,3,-0.299418497,51.51449777,,8.0200000,,1.0000000,,,,,,,,N/A,N/A,N/A,N/A,N/A,N/A,N/A,N/A,N/A,N/A,N/A,N/A
Ealing Broadway (Elizabeth line),500,494,,,n/a,Elizabeth Line,3,-0.299418497,51.51449777,,,,,,,,,,,,N/A,N/A,N/A,N/A,N/A,N/A,N/A,N/A,N/A,N/A,N/A,14.0000000
Ealing Common,205,226,518896,180346,"District, Piccadilly",London Underground,3,-0.286555479,51.50903565,,,,2.0000000,,,,,11.0100000,,,N/A,N/A,N/A,N/A,N/A,N/A,N/A,N/A,N/A,N/A,N/A,N/A
Earl's Court,37,30,525534,178552,"District, Piccadilly",London Underground,1,-0.19157701,51.4914734,,,,11.0000000,,,,,15.0000000,,,N/A,N/A,N/A,N/A,N/A,N/A,N/A,N/A,N/A,N/A,N/A,N/A
East Acton,319,120,521721,181198,Central,London Underground,2,-0.245569272,51.51609001,,9.0000000,,,,,,,,,,N/A,N/A,N/A,N/A,N/A,N/A,N/A,N/A,N/A,N/A,N/A,N/A
East Croydon (Tramlink),415,417,532851,165702,n/a,Tramlink,5,-0.09106147,51.37431604,N/A,N/A,N/A,N/A,N/A,N/A,N/A,N/A,N/A,N/A,N/A,N/A,N/A,N/A,N/A,N/A,N/A,N/A,N/A,N/A,513.0000000,10.0000000,N/A
East Finchley,262,249,527222,189184,Northern,London Underground,3,-0.163438627,51.58665344,,,,,,,,10.0500000,,,,N/A,N/A,N/A,N/A,N/A,N/A,N/A,N/A,N/A,N/A,N/A,N/A
East Ham,71,326,542463,184275,"District, Hammersmith & City",London Underground,4,0.054454908,51.5388975,,,,34.0000000,28.0000000,,,,,,,N/A,N/A,N/A,N/A,N/A,N/A,N/A,N/A,N/A,N/A,N/A,N/A
East India,457,285,538732,180831,n/a,DLR,3,-0.000674542,51.50887121,N/A,N/A,N/A,N/A,N/A,N/A,N/A,N/A,N/A,N/A,N/A,N/A,N/A,N/A,N/A,N/A,N/A,10.0000000,7.0000000,,N/A,N/A,N/A
East Putney,102,69,524382,174870,District,London Underground,2,-0.209468663,51.45863492,,,,11.0500000,,,,,,,,N/A,N/A,N/A,N/A,N/A,N/A,N/A,N/A,N/A,N/A,N/A,N/A
Eastcote,276,393,511153,187622,"Metropolitan, Piccadilly",London Underground,5,-0.39578946,51.57601384,,,,,,,10.0300000,,11.0900000,,,N/A,N/A,N/A,N/A,N/A,N/A,N/A,N/A,N/A,N/A,N/A,N/A
Edgware,4,383,519550,191940,Northern,London Underground,5,-0.273183711,51.61311251,,,,,,,,1.0000000,,,,N/A,N/A,N/A,N/A,N/A,N/A,N/A,N/A,N/A,N/A,N/A,N/A
Edgware Road (Bakerloo),233,50,527047,181759,Bakerloo,London Underground,1,-0.168645951,51.51996099,15.0000000,,,,,,,,,,,N/A,N/A,N/A,N/A,N/A,N/A,N/A,N/A,N/A,N/A,N/A,N/A
Edgware Road (District & Circle),482,15,527220,181697,"District, Circle",London Underground,1,-0.166170742,51.51936413,,,37.0000000,11.0005000,,,,,,,,N/A,N/A,N/A,N/A,N/A,N/A,N/A,N/A,N/A,N/A,N/A,N/A
Edgware Road (Hammersmith & Circle),93,15,527220,181697,"Hammersmith & City, Circle",London Underground,1,-0.166170742,51.51936413,,,10.0000000,,10.0000000,,,,,,,N/A,N/A,N/A,N/A,N/A,N/A,N/A,N/A,N/A,N/A,N/A,N/A
Edmonton Green,139,348,534318,193573,n/a,London Overground,4,-0.059376907,51.62445425,N/A,N/A,N/A,N/A,N/A,N/A,N/A,N/A,N/A,N/A,N/A,,,,,13.0000000,,N/A,N/A,N/A,N/A,N/A,N/A
Elephant & Castle,230,97,531909,179142,"Northern, Bakerloo",London Underground,2,-0.099577259,51.4953253,25.0000000,,,,,,,19.0000000,,,,N/A,N/A,N/A,N/A,N/A,N/A,N/A,N/A,N/A,N/A,N/A,N/A
Elm Park,27,430,552542,185716,District,London Underground,6,0.200311564,51.54920911,,,,40.0000000,,,,,,,,N/A,N/A,N/A,N/A,N/A,N/A,N/A,N/A,N/A,N/A,N/A,N/A
Elmers End (Tramlink),429,367,535779,168391,n/a,Tramlink,4,-0.047979561,51.39779044,N/A,N/A,N/A,N/A,N/A,N/A,N/A,N/A,N/A,N/A,N/A,N/A,N/A,N/A,N/A,N/A,N/A,N/A,N/A,N/A,519.0100000,,N/A
Elverson Road,458,178,537877,176280,n/a,DLR,2,-0.014766759,51.46817948,N/A,N/A,N/A,N/A,N/A,N/A,N/A,N/A,N/A,N/A,N/A,N/A,N/A,N/A,N/A,N/A,N/A,,,2.0000000,N/A,N/A,N/A
Embankment,77,41,530419,180396,"District, Bakerloo, Northern, Circle",London Underground,1,-0.120562428,51.50694137,22.0000000,,26.0000000,18.0000000,,,,10.0008000,,,,N/A,N/A,N/A,N/A,N/A,N/A,N/A,N/A,N/A,N/A,N/A,N/A
Emerson Park,140,446,553962,187871,n/a,London Overground,6,0.221721192,51.56818654,N/A,N/A,N/A,N/A,N/A,N/A,N/A,N/A,N/A,N/A,N/A,2.0000000,,,,,,N/A,N/A,N/A,N/A,N/A,N/A
Enfield Town,141,405,532968,196562,n/a,London Overground,5,-0.077733958,51.65163779,N/A,N/A,N/A,N/A,N/A,N/A,N/A,N/A,N/A,N/A,N/A,,,,,15.0000000,,N/A,N/A,N/A,N/A,N/A,N/A
Epping,126,429,546209,201538,Central,London Underground,6,0.115641374,51.69306818,,37.0000000,,,,,,,,,,N/A,N/A,N/A,N/A,N/A,N/A,N/A,N/A,N/A,N/A,N/A,N/A
Euston (Charing Cross),484,43,529498,182668,"Northern, Victoria",London Underground,1,-0.132992071,51.52757668,,,,,,,,10.0002000,,,,N/A,N/A,N/A,N/A,N/A,N/A,N/A,N/A,N/A,N/A,N/A,N/A
Euston (Bank),197,43,529498,182668,"Northern, Victoria",London Underground,1,-0.132992071,51.52757668,,,,,,,,11.0000000,,,,N/A,N/A,N/A,N/A,N/A,N/A,N/A,N/A,N/A,N/A,N/A,N/A
Euston,377,68,529608,182690,n/a,London Overground,1,-0.131403702,51.52774704,N/A,N/A,N/A,N/A,N/A,N/A,N/A,N/A,N/A,N/A,N/A,,19.0000000,,,,,N/A,N/A,N/A,N/A,N/A,N/A
Euston Square,90,12,529417,182393,"Metropolitan, Circle, Hammersmith & City",London Underground,1,-0.134270582,51.52512499,,,13.0000000,,13.0000000,,17.0000000,,,,,N/A,N/A,N/A,N/A,N/A,N/A,N/A,N/A,N/A,N/A,N/A,N/A
Fairlop,63,322,544936,190595,Central,London Underground,4,0.092688126,51.59505439,,29.0600000,,,,,,,,,,N/A,N/A,N/A,N/A,N/A,N/A,N/A,N/A,N/A,N/A,N/A,N/A
Farringdon,88,10,531560,181874,"Metropolitan, Circle, Hammersmith & City",London Underground,1,-0.103582415,51.51996102,,,15.0000000,,15.0000000,,19.0000000,,,,,N/A,N/A,N/A,N/A,N/A,N/A,N/A,N/A,N/A,N/A,N/A,N/A
Farringdon,505,499,,,n/a,Elizabeth Line,1,-0.103582415,51.51996102,,,,,,,,,,,,N/A,N/A,N/A,N/A,N/A,N/A,N/A,N/A,N/A,N/A,,19.0000000
Fieldway,424,458,537684,163173,n/a,Tramlink,6,-0.022640017,51.3504305,N/A,N/A,N/A,N/A,N/A,N/A,N/A,N/A,N/A,N/A,N/A,N/A,N/A,N/A,N/A,N/A,N/A,N/A,N/A,N/A,,3.0000000,N/A
Finchley Central,7,306,525278,190668,Northern,London Underground,4,-0.190951925,51.60043321,,,,,,,,10.0600000,,,,N/A,N/A,N/A,N/A,N/A,N/A,N/A,N/A,N/A,N/A,N/A,N/A
Finchley Road,299,106,526220,184716,"Metropolitan, Jubilee",London Underground,2,-0.179489511,51.54672589,,,,,,11.0000000,14.0000000,,,,,N/A,N/A,N/A,N/A,N/A,N/A,N/A,N/A,N/A,N/A,N/A,N/A
Finchley Road & Frognal,172,159,526063,185057,n/a,London Overground,2,-0.181637018,51.54982406,N/A,N/A,N/A,N/A,N/A,N/A,N/A,N/A,N/A,N/A,N/A,,,11.0000000,,,,N/A,N/A,N/A,N/A,N/A,N/A
Finsbury Park,207,93,531330,186775,"Piccadilly, Victoria",London Underground,2,-0.105068129,51.56406609,,,,,,,,,30.0000000,11.0000000,,N/A,N/A,N/A,N/A,N/A,N/A,N/A,N/A,N/A,N/A,N/A,N/A
Forest Gate,384,268,540470,185339,n/a,Elizabeth Line,3,0.02615387,51.54895648,,,,,,,,,,,,N/A,N/A,N/A,N/A,N/A,N/A,N/A,N/A,N/A,N/A,N/A,24.0000000
Forest Hill,346,242,535400,172936,n/a,London Overground,3,-0.051690278,51.43872534,N/A,N/A,N/A,N/A,N/A,N/A,N/A,N/A,N/A,N/A,N/A,,,,,,16.0000000,N/A,N/A,N/A,N/A,N/A,N/A
Fulham Broadway,244,132,525455,177302,District,London Underground,2,-0.193168686,51.48025536,,,,11.0200000,,,,,,,,N/A,N/A,N/A,N/A,N/A,N/A,N/A,N/A,N/A,N/A,N/A,N/A
Gallions Reach,439,276,543872,180929,n/a,DLR,3,0.073386821,51.50846722,N/A,N/A,N/A,N/A,N/A,N/A,N/A,N/A,N/A,N/A,N/A,N/A,N/A,N/A,N/A,N/A,N/A,2.0000000,,,N/A,N/A,N/A
Gants Hill,59,318,543274,188430,Central,London Underground,4,0.067825538,51.57602949,,29.0300000,,,,,,,,,,N/A,N/A,N/A,N/A,N/A,N/A,N/A,N/A,N/A,N/A,N/A,N/A
George Street,414,416,532408,165587,n/a,Tramlink,5,-0.097458992,51.37338118,N/A,N/A,N/A,N/A,N/A,N/A,N/A,N/A,N/A,N/A,N/A,N/A,N/A,N/A,N/A,N/A,N/A,N/A,N/A,N/A,613.0000000,1010.0000000,N/A
Gidea Park,391,452,552906,189285,n/a,Elizabeth Line,6,0.2071101,51.58117713,,,,,,,,,,,,N/A,N/A,N/A,N/A,N/A,N/A,N/A,N/A,N/A,N/A,N/A,31.0000000
Gloucester Road,97,19,526183,178846,"District, Piccadilly, Circle",London Underground,1,-0.182135121,51.49397763,,,32.0000000,12.0000000,,,,,16.0000000,,,N/A,N/A,N/A,N/A,N/A,N/A,N/A,N/A,N/A,N/A,N/A,N/A
Golders Green,6,209,525255,187480,Northern,London Underground,3,-0.192420671,51.57178437,,,,,,,,6.0000000,,,,N/A,N/A,N/A,N/A,N/A,N/A,N/A,N/A,N/A,N/A,N/A,N/A
Goldhawk Road,32,83,523184,179608,"Hammersmith & City, Circle",London Underground,2,-0.225049873,51.50148234,,,2.0000000,,2.0000000,,,,,,,N/A,N/A,N/A,N/A,N/A,N/A,N/A,N/A,N/A,N/A,N/A,N/A
Goodge Street,308,55,529537,181837,Northern,London Underground,1,-0.132736642,51.52009307,,,,,,,,10.0004000,,,,N/A,N/A,N/A,N/A,N/A,N/A,N/A,N/A,N/A,N/A,N/A,N/A
Goodmayes,388,357,546398,187292,n/a,Elizabeth Line,4,0.112414564,51.56500163,,,,,,,,,,,,N/A,N/A,N/A,N/A,N/A,N/A,N/A,N/A,N/A,N/A,N/A,28.0000000
Gospel Oak,173,160,528277,185673,n/a,London Overground,2,-0.149494861,51.55486145,N/A,N/A,N/A,N/A,N/A,N/A,N/A,N/A,N/A,N/A,N/A,,,13.0000000,1.0000000,,,N/A,N/A,N/A,N/A,N/A,N/A
Grange Hill,123,302,544967,192559,Central,London Underground,4,0.093957755,51.61269646,,29.0800000,,,,,,,,,,N/A,N/A,N/A,N/A,N/A,N/A,N/A,N/A,N/A,N/A,N/A,N/A
Gravel Hill,420,454,536373,163537,n/a,Tramlink,6,-0.041304236,51.35401751,N/A,N/A,N/A,N/A,N/A,N/A,N/A,N/A,N/A,N/A,N/A,N/A,N/A,N/A,N/A,N/A,N/A,N/A,N/A,N/A,,5.0000000,N/A
Great Portland Street,91,13,528838,182180,"Metropolitan, Circle, Hammersmith & City",London Underground,1,-0.142685711,51.52333822,,,12.0000000,,12.0000000,,16.0000000,,,,,N/A,N/A,N/A,N/A,N/A,N/A,N/A,N/A,N/A,N/A,N/A,N/A
Green Park,206,45,529007,180295,"Piccadilly, Victoria, Jubilee",London Underground,1,-0.140937126,51.50635747,,,,,,16.0000000,,,20.0000000,6.0000000,,N/A,N/A,N/A,N/A,N/A,N/A,N/A,N/A,N/A,N/A,N/A,N/A
Greenford,44,313,514763,183928,Central,London Underground,4,-0.34492109,51.54208841,,5.0000000,,,,,,,,,,N/A,N/A,N/A,N/A,N/A,N/A,N/A,N/A,N/A,N/A,N/A,N/A
Greenwich,459,286,538052,177334,n/a,DLR,3,-0.011836627,51.47760944,N/A,N/A,N/A,N/A,N/A,N/A,N/A,N/A,N/A,N/A,N/A,N/A,N/A,N/A,N/A,N/A,N/A,,,4.0000000,N/A,N/A,N/A
Gunnersbury,227,231,519845,178388,District,London Underground,3,-0.273547129,51.49123204,,,,5.0100000,,,,,,,,N/A,N/A,N/A,N/A,N/A,N/A,N/A,N/A,N/A,N/A,N/A,N/A
Gunnersbury,370,299,519813,178341,n/a,London Overground,3,-0.274027392,51.49082016,N/A,N/A,N/A,N/A,N/A,N/A,N/A,N/A,N/A,N/A,N/A,,,3.0000000,,,,N/A,N/A,N/A,N/A,N/A,N/A
Hackney Central,174,161,534837,184916,n/a,London Overground,2,-0.055208719,51.54652805,N/A,N/A,N/A,N/A,N/A,N/A,N/A,N/A,N/A,N/A,N/A,,,20.0000000,,,,N/A,N/A,N/A,N/A,N/A,N/A
Hackney Downs (West),480,146,534551,185122,n/a,London Overground,2,-0.059252378,51.54844772,N/A,N/A,N/A,N/A,N/A,N/A,N/A,N/A,N/A,N/A,N/A,,,,,5.0000000,,N/A,N/A,N/A,N/A,N/A,N/A
Hackney Downs (East),142,146,534551,185122,n/a,London Overground,2,-0.059252378,51.54844772,N/A,N/A,N/A,N/A,N/A,N/A,N/A,N/A,N/A,N/A,N/A,,,,,2.0100000,,N/A,N/A,N/A,N/A,N/A,N/A
Hackney Wick,175,162,537166,184589,n/a,London Overground,2,-0.021765777,51.54302792,N/A,N/A,N/A,N/A,N/A,N/A,N/A,N/A,N/A,N/A,N/A,,,22.0000000,,,,N/A,N/A,N/A,N/A,N/A,N/A
Haggerston,341,126,533560,183992,n/a,London Overground,2,-0.073966769,51.53852752,N/A,N/A,N/A,N/A,N/A,N/A,N/A,N/A,N/A,N/A,N/A,,,,,,4.0000000,N/A,N/A,N/A,N/A,N/A,N/A
Hainault,122,301,545080,191498,Central,London Underground,4,0.095143844,51.60313737,,29.0700000,,,,,,,,,,N/A,N/A,N/A,N/A,N/A,N/A,N/A,N/A,N/A,N/A,N/A,N/A
Hammersmith (District & Piccadilly),241,102,523461,178503,"District, Piccadilly",London Underground,2,-0.22144689,51.49148885,,,,8.0000000,,,,,13.0000000,,,N/A,N/A,N/A,N/A,N/A,N/A,N/A,N/A,N/A,N/A,N/A,N/A
Hammersmith (Hammersmith & Circle),211,95,523325,178698,Hammersmith & City,London Underground,2,-0.223334507,51.49327356,,,1.0000000,,1.0000000,,,,,,,N/A,N/A,N/A,N/A,N/A,N/A,N/A,N/A,N/A,N/A,N/A,N/A
Hampstead,311,112,526373,185761,Northern,London Underground,2,-0.17692039,51.55608598,,,,,,,,7.0000000,,,,N/A,N/A,N/A,N/A,N/A,N/A,N/A,N/A,N/A,N/A,N/A,N/A
Hampstead Heath,176,163,527265,185636,n/a,London Overground,2,-0.164099101,51.55475816,N/A,N/A,N/A,N/A,N/A,N/A,N/A,N/A,N/A,N/A,N/A,,,12.0000000,,,,N/A,N/A,N/A,N/A,N/A,N/A
Hanger Lane,45,213,518527,182634,Central,London Underground,3,-0.291095909,51.52968038,,7.0000000,,,,,,,,,,N/A,N/A,N/A,N/A,N/A,N/A,N/A,N/A,N/A,N/A,N/A,N/A
Hanwell,498,492,,,n/a,Elizabeth Line,4,-0.338900000,51.51160000,,,,,,,,,,,,N/A,N/A,N/A,N/A,N/A,N/A,N/A,N/A,N/A,N/A,N/A,12.0000000
Harlesden,221,229,520875,183414,Bakerloo,London Underground,3,-0.256997378,51.53619355,7.0000000,,,,,,,,,,,N/A,N/A,N/A,N/A,N/A,N/A,N/A,N/A,N/A,N/A,N/A,N/A
Harlesden,177,261,520952,183367,n/a,London Overground,3,-0.255902699,51.53575292,N/A,N/A,N/A,N/A,N/A,N/A,N/A,N/A,N/A,N/A,N/A,,13.0000000,,,,,N/A,N/A,N/A,N/A,N/A,N/A
Harold Wood,392,453,554777,190568,n/a,Elizabeth Line,6,0.234666819,51.59219909,,,,,,,,,,,,N/A,N/A,N/A,N/A,N/A,N/A,N/A,N/A,N/A,N/A,N/A,32.0000000
Harringay Green Lanes,178,262,531874,188183,n/a,London Overground,3,-0.096693484,51.57659043,N/A,N/A,N/A,N/A,N/A,N/A,N/A,N/A,N/A,N/A,N/A,,,,4.0000000,,,N/A,N/A,N/A,N/A,N/A,N/A
Harrington Road,430,368,535017,168522,n/a,Tramlink,4,-0.058885135,51.3991503,N/A,N/A,N/A,N/A,N/A,N/A,N/A,N/A,N/A,N/A,N/A,N/A,N/A,N/A,N/A,N/A,N/A,N/A,N/A,N/A,520.0000000,,N/A
Harrow & Wealdstone,258,391,515443,189446,Bakerloo,London Underground,5,-0.333300136,51.59154651,1.0000000,,,,,,,,,,,N/A,N/A,N/A,N/A,N/A,N/A,N/A,N/A,N/A,N/A,N/A,N/A
Harrow & Wealdstone,367,425,515420,189470,n/a,London Overground,5,-0.333631214,51.59176883,N/A,N/A,N/A,N/A,N/A,N/A,N/A,N/A,N/A,N/A,N/A,,7.0000000,,,,,N/A,N/A,N/A,N/A,N/A,N/A
Harrow-on-the-Hill,282,398,515346,188038,Metropolitan,London Underground,5,-0.33516664,51.57891586,,,,,,,10.0000000,,,,,N/A,N/A,N/A,N/A,N/A,N/A,N/A,N/A,N/A,N/A,N/A,N/A
Hatch End,179,450,513054,191323,n/a,London Overground,6,-0.367177631,51.60890473,N/A,N/A,N/A,N/A,N/A,N/A,N/A,N/A,N/A,N/A,N/A,,5.0000000,,,,,N/A,N/A,N/A,N/A,N/A,N/A
Hatton Cross,212,436,509608,175363,Piccadilly,London Underground,6,-0.42189306,51.4661174,,,,,,,,,3.0000000,,,N/A,N/A,N/A,N/A,N/A,N/A,N/A,N/A,N/A,N/A,N/A,N/A
Hayes & Harlington,496,490,,,n/a,Elizabeth Line,5,-0.42010000,51.5020000,,,,,,,,,,,,N/A,,N/A,N/A,N/A,N/A,N/A,N/A,N/A,N/A,N/A,10.0000000
Headstone Lane,180,407,513869,190584,n/a,London Overground,5,-0.355651952,51.60209779,N/A,N/A,N/A,N/A,N/A,N/A,N/A,N/A,N/A,N/A,N/A,,6.0000000,,,,,N/A,N/A,N/A,N/A,N/A,N/A
Heathrow Terminal 4,268,439,508082,174430,Piccadilly,London Underground,6,-0.444145672,51.45802947,,,,,,,,,10003.0000000,,,N/A,N/A,N/A,N/A,N/A,N/A,N/A,N/A,N/A,N/A,N/A,N/A
Heathrow Terminal 4 (Elizabeth line),513,507,,,n/a,Elizabeth Line,6,-0.444145672,51.45802947,,,,,,,,,,,,N/A,N/A,N/A,N/A,N/A,N/A,N/A,N/A,N/A,N/A,N/A,10.0200000
Heathrow Terminal 5,335,438,505109,175924,Piccadilly,London Underground,6,-0.486475608,51.47201647,,,,,,,,,1.0000000,,,N/A,N/A,N/A,N/A,N/A,N/A,N/A,N/A,N/A,N/A,N/A,N/A
Heathrow Terminal 5 (Elizabeth line),514,508,,,n/a,Elizabeth Line,6,-0.486475608,51.47201647,,,,,,,,,,,,N/A,N/A,N/A,N/A,N/A,N/A,N/A,N/A,N/A,N/A,N/A,10.0101000
Heathrow Terminals 1-2-3,29,432,507586,175840,Piccadilly,London Underground,6,-0.450857772,51.47079421,,,,,,,,,2.0000000,,,N/A,N/A,N/A,N/A,N/A,N/A,N/A,N/A,N/A,N/A,N/A,N/A
Heathrow Terminals 1-2-3 (Elizabeth line),512,506,,,n/a,Elizabeth Line,6,-0.450857772,51.47079421,,,,,,,,,,,,N/A,N/A,N/A,N/A,N/A,N/A,N/A,N/A,N/A,N/A,N/A,10.0100000
Hendon Central,332,239,522986,188636,Northern,London Underground,3,-0.224748399,51.58267136,,,,,,,,4.0000000,,,,N/A,N/A,N/A,N/A,N/A,N/A,N/A,N/A,N/A,N/A,N/A,N/A
Heron Quays,460,179,537421,180122,n/a,DLR,2,-0.019832666,51.50281981,N/A,N/A,N/A,N/A,N/A,N/A,N/A,N/A,N/A,N/A,N/A,N/A,N/A,N/A,N/A,N/A,N/A,,,10.0000000,N/A,N/A,N/A
High Barnet,267,392,525030,196180,Northern,London Underground,5,-0.192561468,51.65002914,,,,,,,,10.1000000,,,,N/A,N/A,N/A,N/A,N/A,N/A,N/A,N/A,N/A,N/A,N/A,N/A
High Street Kensington,96,18,525578,179494,"District, Circle",London Underground,1,-0.190607248,51.49993492,,,33.0000000,11.0001000,,,,,,,,N/A,N/A,N/A,N/A,N/A,N/A,N/A,N/A,N/A,N/A,N/A,N/A
Highams Park,143,349,538582,191843,n/a,London Overground,4,0.00150512,51.607873,N/A,N/A,N/A,N/A,N/A,N/A,N/A,N/A,N/A,N/A,N/A,,,,,2.0600000,,N/A,N/A,N/A,N/A,N/A,N/A
Highbury & Islington,115,77,531583,184874,Victoria,London Underground,2,-0.102125867,51.54691824,,,,,,,,,,10.0000000,,N/A,N/A,N/A,N/A,N/A,N/A,N/A,N/A,N/A,N/A,N/A,N/A
Highbury & Islington,378,201,531589,184732,n/a,London Overground,2,-0.10209637,51.54564126,N/A,N/A,N/A,N/A,N/A,N/A,N/A,N/A,N/A,N/A,N/A,,,17.0000000,,,1.0000000,N/A,N/A,N/A,N/A,N/A,N/A
Highgate,263,250,528535,188181,Northern,London Underground,3,-0.144860652,51.577342,,,,,,,,10.0400000,,,,N/A,N/A,N/A,N/A,N/A,N/A,N/A,N/A,N/A,N/A,N/A,N/A
Hillingdon,272,441,507602,185035,"Metropolitan, Piccadilly",London Underground,6,-0.447812239,51.55344939,,,,,,,10.0700000,,11.1300000,,,N/A,N/A,N/A,N/A,N/A,N/A,N/A,N/A,N/A,N/A,N/A,N/A
Holborn,49,37,530512,181525,"Central, Piccadilly",London Underground,1,-0.1188087,51.51706879,,20.0000000,,,,,,,24.0000000,,,N/A,N/A,N/A,N/A,N/A,N/A,N/A,N/A,N/A,N/A,N/A,N/A
Holland Park,107,74,524626,180217,Central,London Underground,2,-0.204062863,51.50664438,,12.0000000,,,,,,,,,,N/A,N/A,N/A,N/A,N/A,N/A,N/A,N/A,N/A,N/A,N/A,N/A
Holloway Road,20,79,530907,185450,Piccadilly,London Underground,2,-0.111653531,51.55225038,,,,,,,,,28.0000000,,,N/A,N/A,N/A,N/A,N/A,N/A,N/A,N/A,N/A,N/A,N/A,N/A
Homerton,181,164,535848,184939,n/a,London Overground,2,-0.040627028,51.54649227,N/A,N/A,N/A,N/A,N/A,N/A,N/A,N/A,N/A,N/A,N/A,,,21.0000000,,,,N/A,N/A,N/A,N/A,N/A,N/A
Honor Oak Park,345,241,535896,174137,n/a,London Overground,3,-0.044096334,51.44940041,N/A,N/A,N/A,N/A,N/A,N/A,N/A,N/A,N/A,N/A,N/A,,,,,,15.0000000,N/A,N/A,N/A,N/A,N/A,N/A
Hornchurch,28,431,553944,186240,District,London Underground,6,0.220754707,51.55353835,,,,41.0000000,,,,,,,,N/A,N/A,N/A,N/A,N/A,N/A,N/A,N/A,N/A,N/A,N/A,N/A
Hounslow Central,214,330,513568,175971,Piccadilly,London Underground,4,-0.364716069,51.470809,,,,,,,,,5.0000000,,,N/A,N/A,N/A,N/A,N/A,N/A,N/A,N/A,N/A,N/A,N/A,N/A
Hounslow East,215,331,514255,176203,Piccadilly,London Underground,4,-0.3547554,51.47275219,,,,,,,,,6.0000000,,,N/A,N/A,N/A,N/A,N/A,N/A,N/A,N/A,N/A,N/A,N/A,N/A
Hounslow West,213,389,512208,176197,Piccadilly,London Underground,5,-0.384218262,51.47310845,,,,,,,,,4.0000000,,,N/A,N/A,N/A,N/A,N/A,N/A,N/A,N/A,N/A,N/A,N/A,N/A
Hoxton,340,125,533576,183148,n/a,London Overground,2,-0.074056385,51.53093841,N/A,N/A,N/A,N/A,N/A,N/A,N/A,N/A,N/A,N/A,N/A,,,,,,5.0000000,N/A,N/A,N/A,N/A,N/A,N/A
Hyde Park Corner,14,25,528213,179817,Piccadilly,London Underground,1,-0.152546395,51.50224103,,,,,,,,,19.0000000,,,N/A,N/A,N/A,N/A,N/A,N/A,N/A,N/A,N/A,N/A,N/A,N/A
Ickenham,273,442,508092,185938,"Metropolitan, Piccadilly",London Underground,6,-0.440467266,51.56146986,,,,,,,10.0600000,,11.1200000,,,N/A,N/A,N/A,N/A,N/A,N/A,N/A,N/A,N/A,N/A,N/A,N/A
Ilford,386,355,543535,186486,n/a,Elizabeth Line,4,0.07080065,51.55848898,,,,,,,,,,,,N/A,N/A,N/A,N/A,N/A,N/A,N/A,N/A,N/A,N/A,N/A,26.0000000
Imperial Wharf,375,199,526291,176691,n/a,London Overground,2,-0.181347614,51.47457995,N/A,N/A,N/A,N/A,N/A,N/A,N/A,N/A,N/A,N/A,N/A,,,6.0300000,,,,N/A,N/A,N/A,N/A,N/A,N/A
Island Gardens,461,180,538227,178444,n/a,DLR,2,-0.008883221,51.48754261,N/A,N/A,N/A,N/A,N/A,N/A,N/A,N/A,N/A,N/A,N/A,N/A,N/A,N/A,N/A,N/A,N/A,,,6.0000000,N/A,N/A,N/A
Iver,494,488,,,n/a,Elizabeth Line,ofz,-0.507000000,51.50900000,,,,,,,,,,,,N/A,N/A,N/A,N/A,N/A,N/A,N/A,N/A,,N/A,N/A,8.0000000
Kennington (Charing Cross),483,119,531599,178300,Northern,London Underground,2,-0.104357247,51.48782707,,,,,,,,10.0010000,,,,N/A,N/A,N/A,N/A,N/A,N/A,N/A,N/A,N/A,N/A,N/A,N/A
Kennington (Bank),318,119,531599,178300,Northern,London Underground,2,-0.104357247,51.48782707,,,,,,,,20.0000000,,,,N/A,N/A,N/A,N/A,N/A,N/A,N/A,N/A,N/A,N/A,N/A,N/A
Kensal Green,220,96,523257,182790,Bakerloo,London Underground,2,-0.222882378,51.5300656,9.0000000,,,,,,,,,,,N/A,N/A,N/A,N/A,N/A,N/A,N/A,N/A,N/A,N/A,N/A,N/A
Kensal Green,182,165,523241,182784,n/a,London Overground,2,-0.223116997,51.53001765,N/A,N/A,N/A,N/A,N/A,N/A,N/A,N/A,N/A,N/A,N/A,,15.0000000,,,,,N/A,N/A,N/A,N/A,N/A,N/A
Kensal Rise,183,166,523578,183250,n/a,London Overground,2,-0.218097094,51.53413249,N/A,N/A,N/A,N/A,N/A,N/A,N/A,N/A,N/A,N/A,N/A,,,7.0000000,,,,N/A,N/A,N/A,N/A,N/A,N/A
Kensington Olympia,196,92,524342,179162,District,London Underground,2,-0.208533266,51.49722528,,,,11.0000010,,,,,,,,N/A,N/A,N/A,N/A,N/A,N/A,N/A,N/A,N/A,N/A,N/A,N/A
Kensington Olympia (Overground),372,196,524351,179167,n/a,London Overground,2,-0.208397635,51.49726439,N/A,N/A,N/A,N/A,N/A,N/A,N/A,N/A,N/A,N/A,N/A,,,6.0200000,,,,N/A,N/A,N/A,N/A,N/A,N/A
Kentish Town,315,116,529009,185127,Northern,London Underground,2,-0.13914119,51.54978865,,,,,,,,10.0100000,,,,N/A,N/A,N/A,N/A,N/A,N/A,N/A,N/A,N/A,N/A,N/A,N/A
Kentish Town West,184,167,528597,184691,n/a,London Overground,2,-0.145240267,51.54596266,N/A,N/A,N/A,N/A,N/A,N/A,N/A,N/A,N/A,N/A,N/A,,,14.0000000,,,,N/A,N/A,N/A,N/A,N/A,N/A
Kenton,259,342,516728,188314,Bakerloo,London Underground,4,-0.315140189,51.58111281,2.0000000,,,,,,,,,,,N/A,N/A,N/A,N/A,N/A,N/A,N/A,N/A,N/A,N/A,N/A,N/A
Kenton,185,352,516698,188340,n/a,London Overground,4,-0.315564441,51.58134846,N/A,N/A,N/A,N/A,N/A,N/A,N/A,N/A,N/A,N/A,N/A,,8.0000000,,,,,N/A,N/A,N/A,N/A,N/A,N/A
Kew Gardens,226,230,519196,176732,District,London Underground,3,-0.283453589,51.47648632,,,,5.0200000,,,,,,,,N/A,N/A,N/A,N/A,N/A,N/A,N/A,N/A,N/A,N/A,N/A,N/A
Kew Gardens,186,263,519195,176741,n/a,London Overground,3,-0.283465911,51.47656919,N/A,N/A,N/A,N/A,N/A,N/A,N/A,N/A,N/A,N/A,N/A,,,2.0000000,,,,N/A,N/A,N/A,N/A,N/A,N/A
Kilburn,295,103,524583,184645,Jubilee,London Underground,2,-0.203115567,51.54644842,,,,,,9.0000000,,,,,,N/A,N/A,N/A,N/A,N/A,N/A,N/A,N/A,N/A,N/A,N/A,N/A
Kilburn High Road,187,168,525475,183594,n/a,London Overground,2,-0.190635722,51.53680577,N/A,N/A,N/A,N/A,N/A,N/A,N/A,N/A,N/A,N/A,N/A,,17.0000000,,,,,N/A,N/A,N/A,N/A,N/A,N/A
Kilburn Park,235,100,525358,183328,Bakerloo,London Underground,2,-0.192420271,51.53444139,11.0000000,,,,,,,,,,,N/A,N/A,N/A,N/A,N/A,N/A,N/A,N/A,N/A,N/A,N/A,N/A
King George V,440,277,543237,180137,n/a,DLR,3,0.063920007,51.50151128,N/A,N/A,N/A,N/A,N/A,N/A,N/A,N/A,N/A,N/A,N/A,N/A,N/A,N/A,N/A,N/A,N/A,,2.0000000,,N/A,N/A,N/A
King Henry's Drive,423,457,537977,162560,n/a,Tramlink,6,-0.018665196,51.3448509,N/A,N/A,N/A,N/A,N/A,N/A,N/A,N/A,N/A,N/A,N/A,N/A,N/A,N/A,N/A,N/A,N/A,N/A,N/A,N/A,,2.0000000,N/A
King's Cross St. Pancras,89,11,530175,182875,"Metropolitan, Northern, Piccadilly, Circle, Victoria, Hammersmith & City",London Underground,1,-0.123168404,51.52927728,,,14.0000000,,14.0000000,,18.0000000,12.0000000,26.0000000,9.0000000,,N/A,N/A,N/A,N/A,N/A,N/A,N/A,N/A,N/A,N/A,N/A,N/A
Kingsbury,255,339,519359,188713,Jubilee,London Underground,4,-0.277052309,51.58414203,,,,,,4.0000000,,,,,,N/A,N/A,N/A,N/A,N/A,N/A,N/A,N/A,N/A,N/A,N/A,N/A
Knightsbridge,15,26,527710,179636,Piccadilly,London Underground,1,-0.159863737,51.50073061,,,,,,,,,18.0000000,,,N/A,N/A,N/A,N/A,N/A,N/A,N/A,N/A,N/A,N/A,N/A,N/A
Ladbroke Grove,34,85,524235,181339,"Hammersmith & City, Circle",London Underground,2,-0.209304449,51.51681261,,,6.0000000,,6.0000000,,,,,,,N/A,N/A,N/A,N/A,N/A,N/A,N/A,N/A,N/A,N/A,N/A,N/A
Lambeth North,231,49,531134,179456,Bakerloo,London Underground,1,-0.110624882,51.49833058,24.0000000,,,,,,,,,,,N/A,N/A,N/A,N/A,N/A,N/A,N/A,N/A,N/A,N/A,N/A,N/A
Lancaster Gate,40,32,526711,180773,Central,London Underground,1,-0.173843886,51.51117805,,15.0000000,,,,,,,,,,N/A,N/A,N/A,N/A,N/A,N/A,N/A,N/A,N/A,N/A,N/A,N/A
Langdon Park,462,181,537894,181442,n/a,DLR,2,-0.012505001,51.51456754,N/A,N/A,N/A,N/A,N/A,N/A,N/A,N/A,N/A,N/A,N/A,N/A,N/A,N/A,N/A,N/A,N/A,,,12.0300000,N/A,N/A,N/A
Langley,493,487,,,n/a,Elizabeth Line,ofz,-0.542000000,51.50800000,,,,,,,,,,,,N/A,N/A,N/A,N/A,N/A,N/A,N/A,N/A,,N/A,N/A,7.0000000
Latimer Road,33,84,523763,180898,"Hammersmith & City, Circle",London Underground,2,-0.216257476,51.51295039,,,5.0000000,,5.0000000,,,,,,,N/A,N/A,N/A,N/A,N/A,N/A,N/A,N/A,N/A,N/A,N/A,N/A
Lebanon Road,416,418,533348,165756,n/a,Tramlink,5,-0.08389645,51.37468254,N/A,N/A,N/A,N/A,N/A,N/A,N/A,N/A,N/A,N/A,N/A,N/A,N/A,N/A,N/A,N/A,N/A,N/A,N/A,N/A,514.0000000,9.0000000,N/A
Leicester Square,16,27,529980,180824,"Piccadilly, Northern",London Underground,1,-0.126725567,51.51089472,,,,,,,,10.0006000,22.0000000,,,N/A,N/A,N/A,N/A,N/A,N/A,N/A,N/A,N/A,N/A,N/A,N/A
Lewisham DLR,463,182,538046,175946,n/a,DLR,2,-0.012465383,51.46513641,N/A,N/A,N/A,N/A,N/A,N/A,N/A,N/A,N/A,N/A,N/A,N/A,N/A,N/A,N/A,N/A,N/A,,,1.0000000,N/A,N/A,N/A
Leyton,54,215,538367,186076,Central,London Underground,3,-0.00386474,51.55609689,,28.0000000,,,,,,,,,,N/A,N/A,N/A,N/A,N/A,N/A,N/A,N/A,N/A,N/A,N/A,N/A
Leyton Midland Road,188,264,538191,187523,n/a,London Overground,3,-0.00583941,51.56914561,N/A,N/A,N/A,N/A,N/A,N/A,N/A,N/A,N/A,N/A,N/A,,,,8.0000000,,,N/A,N/A,N/A,N/A,N/A,N/A
Leytonstone,56,315,539279,187405,Central,London Underground,4,0.009807678,51.56781496,,29.0000000,,,,,,,,,,N/A,N/A,N/A,N/A,N/A,N/A,N/A,N/A,N/A,N/A,N/A,N/A
Leytonstone High Road,380,265,539245,186921,n/a,London Overground,3,0.009121703,51.56347619,N/A,N/A,N/A,N/A,N/A,N/A,N/A,N/A,N/A,N/A,N/A,,,,9.0000000,,,N/A,N/A,N/A,N/A,N/A,N/A
Limehouse,464,183,536127,181086,n/a,DLR,2,-0.038095069,51.51179704,N/A,N/A,N/A,N/A,N/A,N/A,N/A,N/A,N/A,N/A,N/A,N/A,N/A,N/A,N/A,N/A,N/A,14.0000000,11.0000000,14.0000000,N/A,N/A,N/A
Liverpool Street,85,7,533094,181567,"Metropolitan, Central, Circle, Hammersmith & City",London Underground,1,-0.081601363,51.5168424,,24.0000000,18.0000000,,18.0000000,,22.0000000,,,,,N/A,N/A,N/A,N/A,N/A,N/A,N/A,N/A,N/A,N/A,N/A,N/A
Liverpool Street,144,64,533202,181646,n/a,London Overground,1,-0.080013644,51.51752768,N/A,N/A,N/A,N/A,N/A,N/A,N/A,N/A,N/A,N/A,N/A,,,,,1.0000000,,N/A,N/A,N/A,N/A,N/A,N/A
Liverpool Street,395,65,533094,181567,n/a,Elizabeth Line,1,-0.081601363,51.5168424,,,,,,,,,,,,N/A,N/A,N/A,N/A,N/A,N/A,N/A,N/A,N/A,N/A,N/A,20.0000000
Lloyd Park,418,420,533715,164541,n/a,Tramlink,5,-0.079087981,51.36367068,N/A,N/A,N/A,N/A,N/A,N/A,N/A,N/A,N/A,N/A,N/A,N/A,N/A,N/A,N/A,N/A,N/A,N/A,N/A,N/A,,7.0000000,N/A
London Bridge,289,63,532683,180189,"Northern, Jubilee",London Underground,1,-0.088037808,51.50455372,,,,,,20.0000000,,17.0000000,,,,N/A,N/A,N/A,N/A,N/A,N/A,N/A,N/A,N/A,N/A,N/A,N/A
London City Airport,441,278,542250,180292,n/a,DLR,3,0.04977043,51.50315378,N/A,N/A,N/A,N/A,N/A,N/A,N/A,N/A,N/A,N/A,N/A,N/A,N/A,N/A,N/A,N/A,N/A,,3.0000000,,N/A,N/A,N/A
London Fields,145,147,534775,184246,n/a,London Overground,2,-0.056359095,51.54052142,N/A,N/A,N/A,N/A,N/A,N/A,N/A,N/A,N/A,N/A,N/A,,,,,4.0000000,,N/A,N/A,N/A,N/A,N/A,N/A
Loughton,121,426,542319,195612,Central,London Underground,6,0.056970973,51.6408144,,34.0000000,,,,,,,,,,N/A,N/A,N/A,N/A,N/A,N/A,N/A,N/A,N/A,N/A,N/A,N/A
Maida Vale,234,99,525940,182762,Bakerloo,London Underground,2,-0.184228557,51.52922219,12.0000000,,,,,,,,,,,N/A,N/A,N/A,N/A,N/A,N/A,N/A,N/A,N/A,N/A,N/A,N/A
Maidenhead,489,483,,,n/a,Elizabeth Line,ofz,-0.723000000,51.51900000,,,,,,,,,,,,N/A,N/A,N/A,N/A,N/A,N/A,N/A,N/A,N/A,N/A,N/A,3.0000000
Manor House,26,81,532048,187482,Piccadilly,London Underground,2,-0.094452148,51.57024769,,,,,,,,,31.0000000,,,N/A,N/A,N/A,N/A,N/A,N/A,N/A,N/A,N/A,N/A,N/A,N/A
Manor Park,385,354,541951,185707,n/a,Elizabeth Line,4,0.047651015,51.55189321,,,,,,,,,,,,N/A,N/A,N/A,N/A,N/A,N/A,N/A,N/A,N/A,N/A,N/A,25.0000000
Mansion House,80,2,532354,180932,"District, Circle",London Underground,1,-0.092495313,51.51130597,,,23.0000000,21.0000000,,,,,,,,N/A,N/A,N/A,N/A,N/A,N/A,N/A,N/A,N/A,N/A,N/A,N/A
Marble Arch,41,33,527960,181017,Central,London Underground,1,-0.155755638,51.51309055,,16.0000000,,,,,,,,,,N/A,N/A,N/A,N/A,N/A,N/A,N/A,N/A,N/A,N/A,N/A,N/A
Maryland,383,267,539190,184924,n/a,Elizabeth Line,3,0.007539167,51.54554249,,,,,,,,,,,,N/A,N/A,N/A,N/A,N/A,N/A,N/A,N/A,N/A,N/A,N/A,23.0000000
Marylebone,236,51,527459,181957,Bakerloo,London Underground,1,-0.162637346,51.52165079,16.0000000,,,,,,,,,,,N/A,N/A,N/A,N/A,N/A,N/A,N/A,N/A,N/A,N/A,N/A,N/A
Merton Park,398,271,525179,169835,n/a,Tramlink,3,-0.199772348,51.41320626,N/A,N/A,N/A,N/A,N/A,N/A,N/A,N/A,N/A,N/A,N/A,N/A,N/A,N/A,N/A,N/A,N/A,N/A,N/A,N/A,3.0000000,,N/A
Mile End,52,89,536501,182534,"District, Hammersmith & City, Central",London Underground,2,-0.032150165,51.52472507,,26.0000000,,28.0000000,22.0000000,,,,,,,N/A,N/A,N/A,N/A,N/A,N/A,N/A,N/A,N/A,N/A,N/A,N/A
Mill Hill East,5,305,524046,191450,Northern,London Underground,4,-0.208460194,51.60773582,,,,,,,,10.0601000,,,,N/A,N/A,N/A,N/A,N/A,N/A,N/A,N/A,N/A,N/A,N/A,N/A
Mitcham,402,361,527331,168086,n/a,Tramlink,4,-0.16947597,51.39700089,N/A,N/A,N/A,N/A,N/A,N/A,N/A,N/A,N/A,N/A,N/A,N/A,N/A,N/A,N/A,N/A,N/A,N/A,N/A,N/A,7.0000000,,N/A
Mitcham Junction (Tramlink),403,362,528300,167568,n/a,Tramlink,4,-0.155733719,51.39213248,N/A,N/A,N/A,N/A,N/A,N/A,N/A,N/A,N/A,N/A,N/A,N/A,N/A,N/A,N/A,N/A,N/A,N/A,N/A,N/A,8.0000000,,N/A
Monument,82,4,532912,180824,"District, Circle",London Underground,1,-0.084502291,51.51020898,,,21.0000000,23.0000000,,,,,,,,N/A,N/A,N/A,N/A,N/A,N/A,N/A,N/A,N/A,N/A,N/A,N/A
Moor Park,324,461,508606,193503,Metropolitan,London Underground,7,-0.430710233,51.6293749,,,,,,,5.0000000,,,,,N/A,N/A,N/A,N/A,N/A,N/A,N/A,N/A,N/A,N/A,N/A,N/A
Moorgate,86,8,532668,181668,"Metropolitan, Northern, Circle, Hammersmith & City",London Underground,1,-0.087700241,51.5178533,,,17.0000000,,17.0000000,,21.0000000,15.0000000,,,,N/A,N/A,N/A,N/A,N/A,N/A,N/A,N/A,N/A,N/A,N/A,N/A
Morden,210,329,525670,168602,Northern,London Underground,4,-0.193160282,51.40201673,,,,,,,,31.0000000,,,,N/A,N/A,N/A,N/A,N/A,N/A,N/A,N/A,N/A,N/A,N/A,N/A
Morden Road,399,358,525779,169309,n/a,Tramlink,4,-0.191339995,51.408346,N/A,N/A,N/A,N/A,N/A,N/A,N/A,N/A,N/A,N/A,N/A,N/A,N/A,N/A,N/A,N/A,N/A,N/A,N/A,N/A,4.0000000,,N/A
Mornington Crescent,312,113,529192,183397,Northern,London Underground,2,-0.137143461,51.53419787,,,,,,,,10.0001000,,,,N/A,N/A,N/A,N/A,N/A,N/A,N/A,N/A,N/A,N/A,N/A,N/A
Mudchute,465,184,537904,178750,n/a,DLR,2,-0.013413578,51.49037168,N/A,N/A,N/A,N/A,N/A,N/A,N/A,N/A,N/A,N/A,N/A,N/A,N/A,N/A,N/A,N/A,N/A,,,7.0000000,N/A,N/A,N/A
Neasden,253,245,521342,185398,Jubilee,London Underground,3,-0.24957656,51.5539234,,,,,,6.0000000,,,,,,N/A,N/A,N/A,N/A,N/A,N/A,N/A,N/A,N/A,N/A,N/A,N/A
New Addington,422,456,538198,162244,n/a,Tramlink,6,-0.015617483,51.34195708,N/A,N/A,N/A,N/A,N/A,N/A,N/A,N/A,N/A,N/A,N/A,N/A,N/A,N/A,N/A,N/A,N/A,N/A,N/A,N/A,,1.0000000,N/A
New Cross,343,128,536751,177109,n/a,London Overground,2,-0.030648703,51.47590464,N/A,N/A,N/A,N/A,N/A,N/A,N/A,N/A,N/A,N/A,N/A,,,,,,12.0001000,N/A,N/A,N/A,N/A,N/A,N/A
New Cross Gate,189,169,536195,176937,n/a,London Overground,2,-0.038716887,51.47449297,N/A,N/A,N/A,N/A,N/A,N/A,N/A,N/A,N/A,N/A,N/A,,,,,,13.0000000,N/A,N/A,N/A,N/A,N/A,N/A
Newbury Park,61,320,544920,188385,Central,London Underground,4,0.091554903,51.57519974,,29.0400000,,,,,,,,,,N/A,N/A,N/A,N/A,N/A,N/A,N/A,N/A,N/A,N/A,N/A,N/A
Nine Elms,486,480,,,Northern,London Underground,1,-0.128624000,51.47991400,,,,,,,,10.0011000,,,,N/A,N/A,N/A,N/A,N/A,N/A,N/A,N/A,N/A,N/A,N/A,N/A
North Acton,46,214,520828,181957,Central,London Underground,3,-0.258167978,51.52310534,,8.0000000,,,,,,,,,,N/A,N/A,N/A,N/A,N/A,N/A,N/A,N/A,N/A,N/A,N/A,N/A
North Ealing,11,211,518828,181228,Piccadilly,London Underground,3,-0.287236576,51.51697561,,,,,,,,,11.0200000,,,N/A,N/A,N/A,N/A,N/A,N/A,N/A,N/A,N/A,N/A,N/A,N/A
North Greenwich,293,232,539216,179859,Jubilee,London Underground,3,0.005908784,51.50002099,,,,,,24.0000000,,,,,,N/A,N/A,N/A,N/A,N/A,N/A,N/A,N/A,N/A,N/A,N/A,N/A
North Harrow,280,396,513541,188613,Metropolitan,London Underground,5,-0.361021834,51.58444941,,,,,,,9.0000000,,,,,N/A,N/A,N/A,N/A,N/A,N/A,N/A,N/A,N/A,N/A,N/A,N/A
North Wembley,223,335,517668,186198,Bakerloo,London Underground,4,-0.302293996,51.56189247,4.0000000,,,,,,,,,,,N/A,N/A,N/A,N/A,N/A,N/A,N/A,N/A,N/A,N/A,N/A,N/A
North Wembley,190,353,517641,186239,n/a,London Overground,4,-0.302663046,51.56226767,N/A,N/A,N/A,N/A,N/A,N/A,N/A,N/A,N/A,N/A,N/A,,10.0000000,,,,,N/A,N/A,N/A,N/A,N/A,N/A
Northfields,218,228,517197,179206,Piccadilly,London Underground,3,-0.311409865,51.49914634,,,,,,,,,9.0000000,,,N/A,N/A,N/A,N/A,N/A,N/A,N/A,N/A,N/A,N/A,N/A,N/A
Northolt,74,388,513213,184524,Central,London Underground,5,-0.367069735,51.54775741,,4.0000000,,,,,,,,,,N/A,N/A,N/A,N/A,N/A,N/A,N/A,N/A,N/A,N/A,N/A,N/A
Northwick Park,283,346,516643,187964,Metropolitan,London Underground,4,-0.316478653,51.57797585,,,,,,,11.0000000,,,,,N/A,N/A,N/A,N/A,N/A,N/A,N/A,N/A,N/A,N/A,N/A,N/A
Northwood,325,437,509230,191419,Metropolitan,London Underground,6,-0.422358538,51.61052039,,,,,,,6.0000000,,,,,N/A,N/A,N/A,N/A,N/A,N/A,N/A,N/A,N/A,N/A,N/A,N/A
Northwood Hills,277,445,510308,190238,Metropolitan,London Underground,6,-0.407168137,51.59969703,,,,,,,7.0000000,,,,,N/A,N/A,N/A,N/A,N/A,N/A,N/A,N/A,N/A,N/A,N/A,N/A
Norwood Junction,128,347,534012,168233,n/a,London Overground,4,-0.073428759,51.39678711,N/A,N/A,N/A,N/A,N/A,N/A,N/A,N/A,N/A,N/A,N/A,,,,,,20.0000000,N/A,N/A,N/A,N/A,N/A,N/A
Notting Hill Gate,39,31,525285,180456,"District, Central, Circle",London Underground,1,-0.194491212,51.5086469,,13.0000000,34.0000000,11.0002000,,,,,,,,N/A,N/A,N/A,N/A,N/A,N/A,N/A,N/A,N/A,N/A,N/A,N/A
Oakwood,25,385,529390,195935,Piccadilly,London Underground,5,-0.129657109,51.64683948,,,,,,,,,37.0000000,,,N/A,N/A,N/A,N/A,N/A,N/A,N/A,N/A,N/A,N/A,N/A,N/A
Old Street,330,58,532764,182419,Northern,London Underground,1,-0.086025441,51.52457628,,,,,,,,14.0000000,,,,N/A,N/A,N/A,N/A,N/A,N/A,N/A,N/A,N/A,N/A,N/A,N/A
Osterley,216,332,514520,177097,Piccadilly,London Underground,4,-0.350640896,51.48073359,,,,,,,,,7.0000000,,,N/A,N/A,N/A,N/A,N/A,N/A,N/A,N/A,N/A,N/A,N/A,N/A
Oval,317,118,531170,177565,Northern,London Underground,2,-0.110799082,51.48132384,,,,,,,,21.0000000,,,,N/A,N/A,N/A,N/A,N/A,N/A,N/A,N/A,N/A,N/A,N/A,N/A
Oxford Circus,48,36,529047,181236,"Central, Bakerloo, Victoria",London Underground,1,-0.140025246,51.51481046,19.0000000,18.0000000,,,,,,,,7.0000000,,N/A,N/A,N/A,N/A,N/A,N/A,N/A,N/A,N/A,N/A,N/A,N/A
Paddington,94,16,526704,181198,"District, Circle",London Underground,1,-0.173789485,51.51499491,,,36.0000000,11.0004000,,,,,,,,N/A,N/A,N/A,N/A,N/A,N/A,N/A,N/A,N/A,N/A,N/A,N/A
Paddington,67,40,526659,181314,Bakerloo,London Underground,1,-0.174388339,51.51605291,14.0000000,,,,,,,,,,,N/A,N/A,N/A,N/A,N/A,N/A,N/A,N/A,N/A,N/A,N/A,N/A
Paddington ,224,46,526459,181527,"Hammersmith & City, Circle",London Underground,1,-0.17719615,51.51800497,,,9.0000000,,9.0000000,,,,,,,N/A,N/A,N/A,N/A,N/A,N/A,N/A,N/A,N/A,N/A,N/A,N/A
Paddington (Elizabeth line),502,496,,,n/a,Elizabeth Line,1,-0.174388339,51.51605291,,,,,,,,,,,,N/A,N/A,N/A,N/A,N/A,N/A,N/A,N/A,N/A,N/A,N/A,16.0000000
Park Royal,12,212,519142,182236,Piccadilly,London Underground,3,-0.282378071,51.52597425,,,,,,,,,11.0300000,,,N/A,N/A,N/A,N/A,N/A,N/A,N/A,N/A,N/A,N/A,N/A,N/A
Parsons Green,104,71,524985,176647,District,London Underground,2,-0.200166803,51.47447238,,,,11.0300000,,,,,,,,N/A,N/A,N/A,N/A,N/A,N/A,N/A,N/A,N/A,N/A,N/A,N/A
Peckham Rye,146,148,534222,176360,n/a,London Overground,2,-0.067330906,51.46977879,N/A,N/A,N/A,N/A,N/A,N/A,N/A,N/A,N/A,N/A,N/A,,,,,,12.0200000,N/A,N/A,N/A,N/A,N/A,N/A
Penge West,348,374,534942,170503,n/a,London Overground,4,-0.059203378,51.41696823,N/A,N/A,N/A,N/A,N/A,N/A,N/A,N/A,N/A,N/A,N/A,,,,,,18.0000000,N/A,N/A,N/A,N/A,N/A,N/A
Perivale,43,312,516378,183315,Central,London Underground,4,-0.32183979,51.53624702,,6.0000000,,,,,,,,,,N/A,N/A,N/A,N/A,N/A,N/A,N/A,N/A,N/A,N/A,N/A,N/A
Phipps Bridge,400,359,526529,168725,n/a,Tramlink,4,-0.180769806,51.40292944,N/A,N/A,N/A,N/A,N/A,N/A,N/A,N/A,N/A,N/A,N/A,N/A,N/A,N/A,N/A,N/A,N/A,N/A,N/A,N/A,5.0000000,,N/A
Piccadilly Circus,228,47,529613,180666,"Bakerloo, Piccadilly",London Underground,1,-0.132081484,51.50955061,20.0000000,,,,,,,,21.0000000,,,N/A,N/A,N/A,N/A,N/A,N/A,N/A,N/A,N/A,N/A,N/A,N/A
Pimlico,112,22,529671,178333,Victoria,London Underground,1,-0.132103672,51.48856954,,,,,,,,,,4.0000000,,N/A,N/A,N/A,N/A,N/A,N/A,N/A,N/A,N/A,N/A,N/A,N/A
Pinner,281,397,512236,189461,Metropolitan,London Underground,5,-0.379580851,51.59232907,,,,,,,8.0000000,,,,,N/A,N/A,N/A,N/A,N/A,N/A,N/A,N/A,N/A,N/A,N/A,N/A
Plaistow,69,217,540003,183297,"District, Hammersmith & City",London Underground,3,0.018612643,51.53072137,,,,32.0000000,26.0000000,,,,,,,N/A,N/A,N/A,N/A,N/A,N/A,N/A,N/A,N/A,N/A,N/A,N/A
Pontoon Dock,442,279,541219,180109,n/a,DLR,3,0.03485088,51.50176796,N/A,N/A,N/A,N/A,N/A,N/A,N/A,N/A,N/A,N/A,N/A,N/A,N/A,N/A,N/A,N/A,N/A,,4.0000000,,N/A,N/A,N/A
Poplar,466,185,537701,180617,n/a,DLR,2,-0.015607274,51.50720026,N/A,N/A,N/A,N/A,N/A,N/A,N/A,N/A,N/A,N/A,N/A,N/A,N/A,N/A,N/A,N/A,N/A,12.0000000,9.0000000,12.0100000,N/A,N/A,N/A
Preston Road,328,337,518249,187282,Metropolitan,London Underground,4,-0.293539223,51.57151381,,,,,,,12.0000000,,,,,N/A,N/A,N/A,N/A,N/A,N/A,N/A,N/A,N/A,N/A,N/A,N/A
Prince Regent,443,280,541264,180899,n/a,DLR,3,0.035815177,51.50885626,N/A,N/A,N/A,N/A,N/A,N/A,N/A,N/A,N/A,N/A,N/A,N/A,N/A,N/A,N/A,N/A,N/A,6.0000000,,,N/A,N/A,N/A
Pudding Mill Lane,467,287,537847,183568,n/a,DLR,3,-0.012349897,51.53368602,N/A,N/A,N/A,N/A,N/A,N/A,N/A,N/A,N/A,N/A,N/A,N/A,N/A,N/A,N/A,N/A,N/A,,,12.0600000,N/A,N/A,N/A
Putney Bridge,103,70,524519,175887,District,London Underground,2,-0.207131382,51.46774182,,,,11.0400000,,,,,,,,N/A,N/A,N/A,N/A,N/A,N/A,N/A,N/A,N/A,N/A,N/A,N/A
Queen's Park,38,88,524547,183200,Bakerloo,London Underground,2,-0.204142926,51.53347212,10.0000000,,,,,,,,,,,N/A,N/A,N/A,N/A,N/A,N/A,N/A,N/A,N/A,N/A,N/A,N/A
Queens Park,376,200,524619,183223,n/a,London Overground,2,-0.203104045,51.53366092,N/A,N/A,N/A,N/A,N/A,N/A,N/A,N/A,N/A,N/A,N/A,,16.0000000,,,,,N/A,N/A,N/A,N/A,N/A,N/A
Queens Road Peckham,147,149,535011,176751,n/a,London Overground,2,-0.055827609,51.47310519,N/A,N/A,N/A,N/A,N/A,N/A,N/A,N/A,N/A,N/A,N/A,,,,,,12.0100000,N/A,N/A,N/A,N/A,N/A,N/A
Queensbury,256,340,518809,189763,Jubilee,London Underground,4,-0.284629817,51.59369962,,,,,,3.0000000,,,,,,N/A,N/A,N/A,N/A,N/A,N/A,N/A,N/A,N/A,N/A,N/A,N/A
Queensway,119,24,525903,180594,Central,London Underground,1,-0.185538472,51.50974305,,14.0000000,,,,,,,,,,N/A,N/A,N/A,N/A,N/A,N/A,N/A,N/A,N/A,N/A,N/A,N/A
Ravenscourt Park,240,101,522571,178722,District,London Underground,2,-0.234181724,51.49365752,,,,7.0000000,,,,,,,,N/A,N/A,N/A,N/A,N/A,N/A,N/A,N/A,N/A,N/A,N/A,N/A
Rayners Lane,279,395,512953,187515,"Metropolitan, Piccadilly",London Underground,5,-0.369864752,51.57469667,,,,,,,10.0200000,,11.0800000,,,N/A,N/A,N/A,N/A,N/A,N/A,N/A,N/A,N/A,N/A,N/A,N/A
Reading,487,481,,,n/a,Elizabeth Line,ofz,-0.972200000,51.45900000,,,,,,,,,,,,N/A,N/A,N/A,N/A,,N/A,N/A,N/A,N/A,N/A,N/A,1.0000000
Rectory Road,148,150,534011,186171,n/a,London Overground,2,-0.066636749,51.55800392,N/A,N/A,N/A,N/A,N/A,N/A,N/A,N/A,N/A,N/A,N/A,,,,,6.0000000,,N/A,N/A,N/A,N/A,N/A,N/A
Redbridge,58,317,541834,188358,Central,London Underground,4,0.047039301,51.5757446,,29.0200000,,,,,,,,,,N/A,N/A,N/A,N/A,N/A,N/A,N/A,N/A,N/A,N/A,N/A,N/A
Reeves Corner,409,411,531903,165672,n/a,Tramlink,5,-0.104688108,51.37426316,N/A,N/A,N/A,N/A,N/A,N/A,N/A,N/A,N/A,N/A,N/A,N/A,N/A,N/A,N/A,N/A,N/A,N/A,N/A,N/A,113.0000000,,N/A
Regent's Park,237,52,528699,182113,Bakerloo,London Underground,1,-0.144708117,51.52277011,18.0000000,,,,,,,,,,,N/A,N/A,N/A,N/A,N/A,N/A,N/A,N/A,N/A,N/A,N/A,N/A
Richmond,225,336,518077,175161,District,London Underground,4,-0.300084253,51.46260595,,,,5.0300000,,,,,,,,N/A,N/A,N/A,N/A,N/A,N/A,N/A,N/A,N/A,N/A,N/A,N/A
Richmond,369,379,518072,175174,n/a,London Overground,4,-0.30015416,51.46271961,N/A,N/A,N/A,N/A,N/A,N/A,N/A,N/A,N/A,N/A,N/A,,,1.0000000,,,,N/A,N/A,N/A,N/A,N/A,N/A
Rickmansworth,323,460,505716,194601,Metropolitan,London Underground,7,-0.472133393,51.63979883,,,,,,,4.0000000,,,,,N/A,N/A,N/A,N/A,N/A,N/A,N/A,N/A,N/A,N/A,N/A,N/A
Roding Valley,65,324,541590,192895,Central,London Underground,4,0.045340184,51.61657815,,29.1000000,,,,,,,,,,N/A,N/A,N/A,N/A,N/A,N/A,N/A,N/A,N/A,N/A,N/A,N/A
Romford,149,447,551387,188501,n/a,London Overground,6,0.184863954,51.57454494,N/A,N/A,N/A,N/A,N/A,N/A,N/A,N/A,N/A,N/A,N/A,1.0000000,,,,,,N/A,N/A,N/A,N/A,N/A,N/A
Romford,390,451,551350,188463,n/a,Elizabeth Line,6,0.184308898,51.57421472,,,,,,,,,,,,N/A,N/A,N/A,N/A,N/A,N/A,N/A,N/A,N/A,N/A,N/A,30.0000000
Rotherhithe,191,91,535299,179811,n/a,London Overground,2,-0.050510094,51.50053752,N/A,N/A,N/A,N/A,N/A,N/A,N/A,N/A,N/A,N/A,N/A,,,,,,10.0000000,N/A,N/A,N/A,N/A,N/A,N/A
Royal Albert,444,281,542077,180815,n/a,DLR,3,0.047489859,51.50789742,N/A,N/A,N/A,N/A,N/A,N/A,N/A,N/A,N/A,N/A,N/A,N/A,N/A,N/A,N/A,N/A,N/A,5.0000000,,,N/A,N/A,N/A
Royal Oak,35,86,525834,181571,"Hammersmith & City, Circle",London Underground,2,-0.186186162,51.51854003,,,8.0000000,,8.0000000,,,,,,,N/A,N/A,N/A,N/A,N/A,N/A,N/A,N/A,N/A,N/A,N/A,N/A
Royal Victoria,445,282,540122,180852,n/a,DLR,3,0.019349595,51.50871834,N/A,N/A,N/A,N/A,N/A,N/A,N/A,N/A,N/A,N/A,N/A,N/A,N/A,N/A,N/A,N/A,N/A,8.0000000,,,N/A,N/A,N/A
Ruislip,274,443,509474,187004,"Metropolitan, Piccadilly",London Underground,6,-0.420215108,51.57079343,,,,,,,10.0500000,,11.1100000,,,N/A,N/A,N/A,N/A,N/A,N/A,N/A,N/A,N/A,N/A,N/A,N/A
Ruislip Gardens,72,386,510266,185852,Central,London Underground,5,-0.409140537,51.56027575,,2.0000000,,,,,,,,,,N/A,N/A,N/A,N/A,N/A,N/A,N/A,N/A,N/A,N/A,N/A,N/A
Ruislip Manor,275,444,510160,187262,"Metropolitan, Piccadilly",London Underground,6,-0.410235646,51.57297789,,,,,,,10.0400000,,11.1000000,,,N/A,N/A,N/A,N/A,N/A,N/A,N/A,N/A,N/A,N/A,N/A,N/A
Russell Square,18,29,530229,182128,Piccadilly,London Underground,1,-0.122662273,51.52255053,,,,,,,,,25.0000000,,,N/A,N/A,N/A,N/A,N/A,N/A,N/A,N/A,N/A,N/A,N/A,N/A
Sandilands,417,419,533890,165741,n/a,Tramlink,5,-0.07612476,51.37441486,N/A,N/A,N/A,N/A,N/A,N/A,N/A,N/A,N/A,N/A,N/A,N/A,N/A,N/A,N/A,N/A,N/A,N/A,N/A,N/A,515.0000000,8.0000000,N/A
Seven Kings,387,356,545454,187093,n/a,Elizabeth Line,4,0.098722803,51.5634541,,,,,,,,,,,,N/A,N/A,N/A,N/A,N/A,N/A,N/A,N/A,N/A,N/A,N/A,27.0000000
Seven Sisters,116,205,533643,188931,Victoria,London Underground,3,-0.070894139,51.58289546,,,,,,,,,,12.0000000,,N/A,N/A,N/A,N/A,N/A,N/A,N/A,N/A,N/A,N/A,N/A,N/A
Seven Sisters,150,254,533458,189004,n/a,London Overground,3,-0.073533739,51.58359611,N/A,N/A,N/A,N/A,N/A,N/A,N/A,N/A,N/A,N/A,N/A,,,,,9.0000000,,N/A,N/A,N/A,N/A,N/A,N/A
Shadwell,337,123,534932,180932,n/a,London Overground,2,-0.055365921,51.51070004,N/A,N/A,N/A,N/A,N/A,N/A,N/A,N/A,N/A,N/A,N/A,,,,,,8.0000000,N/A,N/A,N/A,N/A,N/A,N/A
Shadwell DLR,468,186,534947,180986,n/a,DLR,2,-0.05512963,51.51118155,N/A,N/A,N/A,N/A,N/A,N/A,N/A,N/A,N/A,N/A,N/A,N/A,N/A,N/A,N/A,N/A,N/A,15.0000000,12.0000000,15.0000000,N/A,N/A,N/A
Shenfield,394,476,561361,194981,n/a,Elizabeth Line,0,0.331671253,51.6300009,,,,,,,,,,,,N/A,N/A,N/A,N/A,N/A,N/A,N/A,N/A,N/A,N/A,N/A,34.0000000
Shepherd's Bush,106,73,523720,179884,Central,London Underground,2,-0.217238899,51.50384346,,11.0000000,,,,,,,,,,N/A,N/A,N/A,N/A,N/A,N/A,N/A,N/A,N/A,N/A,N/A,N/A
Shepherd's Bush Market,31,82,523197,180064,"Hammersmith & City, Circle",London Underground,2,-0.224700725,51.50558155,,,3.0000000,,3.0000000,,,,,,,N/A,N/A,N/A,N/A,N/A,N/A,N/A,N/A,N/A,N/A,N/A,N/A
Shepherds Bush,371,195,523720,179920,n/a,London Overground,2,-0.217219888,51.50417089,N/A,N/A,N/A,N/A,N/A,N/A,N/A,N/A,N/A,N/A,N/A,,,6.0100000,,,,N/A,N/A,N/A,N/A,N/A,N/A
Shoreditch High Street,339,60,533555,182248,n/a,London Overground,1,-0.074700292,51.52285471,N/A,N/A,N/A,N/A,N/A,N/A,N/A,N/A,N/A,N/A,N/A,,,,,,6.0000000,N/A,N/A,N/A,N/A,N/A,N/A
Silver Street,159,351,533922,192445,n/a,London Overground,4,-0.065526104,51.61440848,N/A,N/A,N/A,N/A,N/A,N/A,N/A,N/A,N/A,N/A,N/A,,,,,12.0000000,,N/A,N/A,N/A,N/A,N/A,N/A
Sloane Square,238,53,528091,178655,"District, Circle",London Underground,1,-0.15473274,51.49182524,,,30.0000000,14.0000000,,,,,,,,N/A,N/A,N/A,N/A,N/A,N/A,N/A,N/A,N/A,N/A,N/A,N/A
Slough,492,486,,,n/a,Elizabeth Line,ofz,-0.59200000,51.51200000,,,,,,,,,,,,N/A,N/A,N/A,N/A,N/A,N/A,N/A,N/A,N/A,N/A,N/A,6.0000000
Snaresbrook,55,314,540157,188804,Central,London Underground,4,0.023019902,51.58017276,,30.0000000,,,,,,,,,,N/A,N/A,N/A,N/A,N/A,N/A,N/A,N/A,N/A,N/A,N/A,N/A
South Acton,350,294,520148,179250,n/a,London Overground,3,-0.268894276,51.49891951,N/A,N/A,N/A,N/A,N/A,N/A,N/A,N/A,N/A,N/A,N/A,,,4.0000000,,,,N/A,N/A,N/A,N/A,N/A,N/A
South Ealing,10,210,517575,179354,Piccadilly,London Underground,3,-0.305919519,51.50039136,,,,,,,,,10.0000000,,,N/A,N/A,N/A,N/A,N/A,N/A,N/A,N/A,N/A,N/A,N/A,N/A
South Hampstead,351,190,526369,184096,n/a,London Overground,2,-0.177570816,51.54111829,N/A,N/A,N/A,N/A,N/A,N/A,N/A,N/A,N/A,N/A,N/A,,18.0000000,,,,,N/A,N/A,N/A,N/A,N/A,N/A
South Harrow,219,390,514321,186361,Piccadilly,London Underground,5,-0.350509518,51.56404932,,,,,,,,,11.0700000,,,N/A,N/A,N/A,N/A,N/A,N/A,N/A,N/A,N/A,N/A,N/A,N/A
South Kensington,98,20,526918,178820,"District, Piccadilly, Circle",London Underground,1,-0.171564291,51.49357736,,,31.0000000,13.0000000,,,,,17.0000000,,,N/A,N/A,N/A,N/A,N/A,N/A,N/A,N/A,N/A,N/A,N/A,N/A
South Kenton,257,341,517336,187060,Bakerloo,London Underground,4,-0.306785037,51.56971265,3.0000000,,,,,,,,,,,N/A,N/A,N/A,N/A,N/A,N/A,N/A,N/A,N/A,N/A,N/A,N/A
South Kenton,352,376,517316,187081,n/a,London Overground,4,-0.307068904,51.56990367,N/A,N/A,N/A,N/A,N/A,N/A,N/A,N/A,N/A,N/A,N/A,,9.0000000,,,,,N/A,N/A,N/A,N/A,N/A,N/A
South Quay,469,187,537597,179824,n/a,DLR,2,-0.017414424,51.50009877,N/A,N/A,N/A,N/A,N/A,N/A,N/A,N/A,N/A,N/A,N/A,N/A,N/A,N/A,N/A,N/A,N/A,,,9.0000000,N/A,N/A,N/A
South Ruislip,73,387,511097,185434,Central,London Underground,5,-0.39728854,51.55635983,,3.0000000,,,,,,,,,,N/A,N/A,N/A,N/A,N/A,N/A,N/A,N/A,N/A,N/A,N/A,N/A
South Tottenham,353,295,533687,188621,n/a,London Overground,3,-0.070375895,51.58009969,N/A,N/A,N/A,N/A,N/A,N/A,N/A,N/A,N/A,N/A,N/A,,,,5.0000000,,,N/A,N/A,N/A,N/A,N/A,N/A
South Wimbledon,209,227,525736,169989,Northern,London Underground,3,-0.191711278,51.41446924,,,,,,,,30.0000000,,,,N/A,N/A,N/A,N/A,N/A,N/A,N/A,N/A,N/A,N/A,N/A,N/A
South Woodford,60,319,540536,190063,Central,London Underground,4,0.028990141,51.59138934,,31.0000000,,,,,,,,,,N/A,N/A,N/A,N/A,N/A,N/A,N/A,N/A,N/A,N/A,N/A,N/A
Southall,497,491,,,n/a,Elizabeth Line,4,-0.378300000,51.50600000,,,,,,,,,,,,N/A,N/A,N/A,N/A,,N/A,N/A,N/A,N/A,N/A,N/A,11.0000000
Southbury,151,406,534904,196237,n/a,London Overground,5,-0.049888718,51.64825562,N/A,N/A,N/A,N/A,N/A,N/A,N/A,N/A,N/A,N/A,N/A,,,,,13.0100000,,N/A,N/A,N/A,N/A,N/A,N/A
Southfields,101,204,524726,173313,District,London Underground,3,-0.205058529,51.4445635,,,,11.0600000,,,,,,,,N/A,N/A,N/A,N/A,N/A,N/A,N/A,N/A,N/A,N/A,N/A,N/A
Southgate,23,311,529676,194265,Piccadilly,London Underground,4,-0.126150933,51.6317626,,,,,,,,,36.0000000,,,N/A,N/A,N/A,N/A,N/A,N/A,N/A,N/A,N/A,N/A,N/A,N/A
Southwark,288,62,531592,180074,Jubilee,London Underground,1,-0.103788452,51.50377646,,,,,,19.0000000,,,,,,N/A,N/A,N/A,N/A,N/A,N/A,N/A,N/A,N/A,N/A,N/A,N/A
St. James's Park,239,54,529647,179498,"District, Circle",London Underground,1,-0.132021543,51.49905006,,,28.0000000,16.0000000,,,,,,,,N/A,N/A,N/A,N/A,N/A,N/A,N/A,N/A,N/A,N/A,N/A,N/A
St. John's Wood,287,138,526735,183391,Jubilee,London Underground,2,-0.172545248,51.53469852,,,,,,13.0000000,,,,,,N/A,N/A,N/A,N/A,N/A,N/A,N/A,N/A,N/A,N/A,N/A,N/A
St. Paul's,51,39,532108,181274,Central,London Underground,1,-0.095907533,51.51444286,,22.0000000,,,,,,,,,,N/A,N/A,N/A,N/A,N/A,N/A,N/A,N/A,N/A,N/A,N/A,N/A
Stamford Brook,246,134,521859,178789,District,London Underground,2,-0.244408726,51.49440814,,,,6.0000000,,,,,,,,N/A,N/A,N/A,N/A,N/A,N/A,N/A,N/A,N/A,N/A,N/A,N/A
Stamford Hill,160,257,533392,187955,n/a,London Overground,3,-0.074878256,51.57418005,N/A,N/A,N/A,N/A,N/A,N/A,N/A,N/A,N/A,N/A,N/A,,,,,8.0000000,,N/A,N/A,N/A,N/A,N/A,N/A
Stanmore,285,399,517563,192573,Jubilee,London Underground,5,-0.30167142,51.61921632,,,,,,1.0000000,,,,,,N/A,N/A,N/A,N/A,N/A,N/A,N/A,N/A,N/A,N/A,N/A,N/A
Star Lane,476,290,539145,182115,n/a,DLR,3,0.005780604,51.52030887,N/A,N/A,N/A,N/A,N/A,N/A,N/A,N/A,N/A,N/A,N/A,N/A,N/A,N/A,N/A,N/A,N/A,9.0100000,6.0100000,,N/A,N/A,N/A
Stepney Green,248,135,535621,182136,"District, Hammersmith & City",London Underground,2,-0.044974603,51.52135166,,,,27.0000000,21.0000000,,,,,,,N/A,N/A,N/A,N/A,N/A,N/A,N/A,N/A,N/A,N/A,N/A,N/A
Stockwell,208,94,530460,176433,"Northern, Victoria",London Underground,2,-0.121436641,51.47131386,,,,,,,,22.0000000,,2.0000000,,N/A,N/A,N/A,N/A,N/A,N/A,N/A,N/A,N/A,N/A,N/A,N/A
Stoke Newington,161,152,533723,186850,n/a,London Overground,2,-0.070536111,51.56417453,N/A,N/A,N/A,N/A,N/A,N/A,N/A,N/A,N/A,N/A,N/A,,,,,7.0000000,,N/A,N/A,N/A,N/A,N/A,N/A
Stonebridge Park,260,247,519616,184218,Bakerloo,London Underground,3,-0.27487576,51.54368887,6.0000000,,,,,,,,,,,N/A,N/A,N/A,N/A,N/A,N/A,N/A,N/A,N/A,N/A,N/A,N/A
Stonebridge Park,354,296,519687,184195,n/a,London Overground,3,-0.273853212,51.54346498,N/A,N/A,N/A,N/A,N/A,N/A,N/A,N/A,N/A,N/A,N/A,,12.0000000,,,,,N/A,N/A,N/A,N/A,N/A,N/A
Stratford,270,252,538530,184395,"Central, Jubilee",London Underground,3,-0.002182514,51.54094802,,27.0000000,,,,27.0000000,,,,,,N/A,N/A,N/A,N/A,N/A,N/A,N/A,N/A,N/A,N/A,N/A,N/A
Stratford,382,266,538530,184395,n/a,Elizabeth Line,3,-0.002182514,51.54094802,,,,,,,,,,,,N/A,N/A,N/A,N/A,N/A,N/A,N/A,N/A,N/A,N/A,N/A,22.0000000
Stratford,379,300,538521,184409,n/a,London Overground,3,-0.002307264,51.54107928,N/A,N/A,N/A,N/A,N/A,N/A,N/A,N/A,N/A,N/A,N/A,,,23.0000000,,,,N/A,N/A,N/A,N/A,N/A,N/A
Stratford,475,289,538571,184387,n/a,DLR,3,-0.001594174,51.54086921,N/A,N/A,N/A,N/A,N/A,N/A,N/A,N/A,N/A,N/A,N/A,N/A,N/A,N/A,N/A,N/A,N/A,9.0500000,6.0500000,12.0700000,N/A,N/A,N/A
Stratford High Street,478,292,538752,184020,n/a,DLR,3,0.000869889,51.53752645,N/A,N/A,N/A,N/A,N/A,N/A,N/A,N/A,N/A,N/A,N/A,N/A,N/A,N/A,N/A,N/A,N/A,9.0400000,6.0400000,,N/A,N/A,N/A
Stratford International,479,293,538128,184761,n/a,DLR,3,-0.007832275,51.54433906,N/A,N/A,N/A,N/A,N/A,N/A,N/A,N/A,N/A,N/A,N/A,N/A,N/A,N/A,N/A,N/A,N/A,9.0600000,6.0600000,,N/A,N/A,N/A
Sudbury Hill,8,307,515412,185542,Piccadilly,London Underground,4,-0.335039246,51.55646384,,,,,,,,,11.0600000,,,N/A,N/A,N/A,N/A,N/A,N/A,N/A,N/A,N/A,N/A,N/A,N/A
Sudbury Town,9,308,516875,184890,Piccadilly,London Underground,4,-0.314159662,51.55030341,,,,,,,,,11.0500000,,,N/A,N/A,N/A,N/A,N/A,N/A,N/A,N/A,N/A,N/A,N/A,N/A
Surrey Quays,355,191,535631,178962,n/a,London Overground,2,-0.046055836,51.49282777,N/A,N/A,N/A,N/A,N/A,N/A,N/A,N/A,N/A,N/A,N/A,,,,,,12.0000000,N/A,N/A,N/A,N/A,N/A,N/A
Swiss Cottage,298,105,526664,184335,Jubilee,London Underground,2,-0.173237239,51.54319998,,,,,,12.0000000,,,,,,N/A,N/A,N/A,N/A,N/A,N/A,N/A,N/A,N/A,N/A,N/A,N/A
Sydenham,347,243,535369,171585,n/a,London Overground,3,-0.052652564,51.42659082,N/A,N/A,N/A,N/A,N/A,N/A,N/A,N/A,N/A,N/A,N/A,,,,,,17.0000000,N/A,N/A,N/A,N/A,N/A,N/A
Taplow,490,484,,,n/a,Elizabeth Line,n/a,-0.681000000,51.52400000,,,,,,,,,,,,N/A,N/A,N/A,N/A,N/A,,N/A,N/A,N/A,N/A,N/A,4.0000000
Temple,78,0,530959,180803,"District, Circle",London Underground,1,-0.112643564,51.5104742,,,25.0000000,19.0000000,,,,,,,,N/A,N/A,N/A,N/A,N/A,N/A,N/A,N/A,N/A,N/A,N/A,N/A
Theobalds Grove,152,464,535936,201110,n/a,London Overground,7,-0.033083485,51.69180047,N/A,N/A,N/A,N/A,N/A,N/A,N/A,N/A,N/A,N/A,N/A,,,,,13.0300000,,N/A,N/A,N/A,N/A,N/A,N/A
Therapia Lane,405,364,530283,166842,n/a,Tramlink,4,-0.127515047,51.38515495,N/A,N/A,N/A,N/A,N/A,N/A,N/A,N/A,N/A,N/A,N/A,N/A,N/A,N/A,N/A,N/A,N/A,N/A,N/A,N/A,10.0000000,,N/A
Theydon Bois,125,428,545542,199101,Central,London Underground,6,0.104967288,51.67133739,,36.0000000,,,,,,,,,,N/A,N/A,N/A,N/A,N/A,N/A,N/A,N/A,N/A,N/A,N/A,N/A
Tooting Bec,303,237,528047,172374,Northern,London Underground,3,-0.15763366,51.4353811,,,,,,,,27.0000000,,,,N/A,N/A,N/A,N/A,N/A,N/A,N/A,N/A,N/A,N/A,N/A,N/A
Tooting Broadway,302,236,527434,171443,Northern,London Underground,3,-0.166791248,51.42715702,,,,,,,,28.0000000,,,,N/A,N/A,N/A,N/A,N/A,N/A,N/A,N/A,N/A,N/A,N/A,N/A
Tottenham Court Road,309,56,529815,181382,"Central, Northern",London Underground,1,-0.128897348,51.51594793,,19.0000000,,,,,,10.0005000,,,,N/A,N/A,N/A,N/A,N/A,N/A,N/A,N/A,N/A,N/A,N/A,N/A
Tottenham Court Road,504,498,,,n/a,Elizabeth Line,1,-0.128897348,51.51594793,,,,,,,,,,,,N/A,N/A,N/A,N/A,N/A,N/A,N/A,N/A,N/A,N/A,N/A,18.0000000
Tottenham Hale,118,207,534484,189471,Victoria,London Underground,3,-0.058547162,51.58754655,,,,,,,,,,13.0000000,,N/A,N/A,N/A,N/A,N/A,N/A,N/A,N/A,N/A,N/A,N/A,N/A
Totteridge & Whetstone,266,345,526120,193989,Northern,London Underground,4,-0.177599794,51.63009248,,,,,,,,10.0900000,,,,N/A,N/A,N/A,N/A,N/A,N/A,N/A,N/A,N/A,N/A,N/A,N/A
Tower Gateway,470,66,533706,180834,n/a,DLR,1,-0.073061976,51.51011047,N/A,N/A,N/A,N/A,N/A,N/A,N/A,N/A,N/A,N/A,N/A,N/A,N/A,N/A,N/A,N/A,N/A,16.0000000,,,N/A,N/A,N/A
Tower Hill,83,5,533579,180755,"District, Circle",London Underground,1,-0.074913869,51.50943419,,,20.0000000,24.0000000,,,,,,,,N/A,N/A,N/A,N/A,N/A,N/A,N/A,N/A,N/A,N/A,N/A,N/A
Tufnell Park,316,117,529149,185860,Northern,London Underground,2,-0.136858377,51.5563398,,,,,,,,10.0200000,,,,N/A,N/A,N/A,N/A,N/A,N/A,N/A,N/A,N/A,N/A,N/A,N/A
Turkey Street,153,448,535121,198870,n/a,London Overground,6,-0.045735795,51.67186641,N/A,N/A,N/A,N/A,N/A,N/A,N/A,N/A,N/A,N/A,N/A,,,,,13.0200000,,N/A,N/A,N/A,N/A,N/A,N/A
Turnham Green,247,244,521266,178779,"District, Piccadilly",London Underground,3,-0.252958803,51.494448,,,,5.0000000,,,,,12.0000000,,,N/A,N/A,N/A,N/A,N/A,N/A,N/A,N/A,N/A,N/A,N/A,N/A
Turnpike Lane,192,219,531513,189638,Piccadilly,London Underground,3,-0.101359413,51.58975112,,,,,,,,,32.0000000,,,N/A,N/A,N/A,N/A,N/A,N/A,N/A,N/A,N/A,N/A,N/A,N/A
Twyford,488,482,,,,Elizabeth Line,ofz,-0.863000000,51.47600000,,,,,,,,,,,,N/A,N/A,N/A,N/A,N/A,N/A,N/A,N/A,N/A,N/A,N/A,2.0000000
Upminster,199,435,556146,186868,District,London Underground,6,0.252767235,51.55857711,,,,43.0000000,,,,,,,,N/A,N/A,N/A,N/A,N/A,N/A,N/A,N/A,N/A,N/A,N/A,N/A
Upminster,154,449,556108,186859,n/a,London Overground,6,0.25221358,51.55850315,N/A,N/A,N/A,N/A,N/A,N/A,N/A,N/A,N/A,N/A,N/A,3.0000000,,,,,,N/A,N/A,N/A,N/A,N/A,N/A
Upminster Bridge,30,433,555088,186770,District,London Underground,6,0.237476635,51.55798569,,,,42.0000000,,,,,,,,N/A,N/A,N/A,N/A,N/A,N/A,N/A,N/A,N/A,N/A,N/A,N/A
Upney,76,327,545846,184254,District,London Underground,4,0.103187503,51.53784406,,,,36.0000000,,,,,,,,N/A,N/A,N/A,N/A,N/A,N/A,N/A,N/A,N/A,N/A,N/A,N/A
Upper Holloway,356,192,529776,186621,n/a,London Overground,2,-0.127532858,51.56303879,N/A,N/A,N/A,N/A,N/A,N/A,N/A,N/A,N/A,N/A,N/A,,,,2.0000000,,,N/A,N/A,N/A,N/A,N/A,N/A
Upton Park,70,218,541254,183793,"District, Hammersmith & City",London Underground,3,0.036836325,51.53487026,,,,33.0000000,27.0000000,,,,,,,N/A,N/A,N/A,N/A,N/A,N/A,N/A,N/A,N/A,N/A,N/A,N/A
Uxbridge,271,440,505661,184161,"Metropolitan, Piccadilly",London Underground,6,-0.4760666,51.54596187,,,,,,,10.0800000,,11.1400000,,,N/A,N/A,N/A,N/A,N/A,N/A,N/A,N/A,N/A,N/A,N/A,N/A
Vauxhall,113,76,530337,177973,Victoria,London Underground,2,-0.122646146,51.48518446,,,,,,,,,,3.0000000,,N/A,N/A,N/A,N/A,N/A,N/A,N/A,N/A,N/A,N/A,N/A,N/A
Victoria,110,21,528999,179130,"District, Circle, Victoria",London Underground,1,-0.141485017,51.49588954,,,29.0000000,15.0000000,,,,,,5.0000000,,N/A,N/A,N/A,N/A,N/A,N/A,N/A,N/A,N/A,N/A,N/A,N/A
Waddon Marsh,407,409,531090,165897,n/a,Tramlink,5,-0.116278811,51.37647839,N/A,N/A,N/A,N/A,N/A,N/A,N/A,N/A,N/A,N/A,N/A,N/A,N/A,N/A,N/A,N/A,N/A,N/A,N/A,N/A,12.0000000,,N/A
Walthamstow Central,202,223,537176,188994,Victoria,London Underground,3,-0.019895332,51.58261626,,,,,,,,,,15.0000000,,N/A,N/A,N/A,N/A,N/A,N/A,N/A,N/A,N/A,N/A,N/A,N/A
Walthamstow Queens Road,357,297,537018,188807,n/a,London Overground,3,-0.022254511,51.58097129,N/A,N/A,N/A,N/A,N/A,N/A,N/A,N/A,N/A,N/A,N/A,,,,7.0000000,2.0400000,,N/A,N/A,N/A,N/A,N/A,N/A
Walthamstow St James Street,155,255,536388,188733,n/a,London Overground,3,-0.031370968,51.58045909,N/A,N/A,N/A,N/A,N/A,N/A,N/A,N/A,N/A,N/A,N/A,,,,,2.0300000,,N/A,N/A,N/A,N/A,N/A,N/A
Walthamstow Wood Street,156,350,538493,189407,n/a,London Overground,4,-0.000741221,51.58600285,N/A,N/A,N/A,N/A,N/A,N/A,N/A,N/A,N/A,N/A,N/A,,,,,2.0500000,,N/A,N/A,N/A,N/A,N/A,N/A
Wandle Park,408,410,531414,165512,n/a,Tramlink,5,-0.111770014,51.37293871,N/A,N/A,N/A,N/A,N/A,N/A,N/A,N/A,N/A,N/A,N/A,N/A,N/A,N/A,N/A,N/A,N/A,N/A,N/A,N/A,13.0000000,,N/A
Wandsworth Road,157,151,529390,176196,n/a,London Overground,2,-0.136926893,51.46943062,N/A,N/A,N/A,N/A,N/A,N/A,N/A,N/A,N/A,N/A,N/A,,,,,,12.0500000,N/A,N/A,N/A,N/A,N/A,N/A
Wanstead,57,316,540673,188254,Central,London Underground,4,0.030247766,51.57509659,,29.0100000,,,,,,,,,,N/A,N/A,N/A,N/A,N/A,N/A,N/A,N/A,N/A,N/A,N/A,N/A
Wanstead Park,358,298,540570,185590,n/a,London Overground,3,0.027694662,51.55118604,N/A,N/A,N/A,N/A,N/A,N/A,N/A,N/A,N/A,N/A,N/A,,,,10.0000000,,,N/A,N/A,N/A,N/A,N/A,N/A
Wapping,359,193,535023,180174,n/a,London Overground,2,-0.054345515,51.50386599,N/A,N/A,N/A,N/A,N/A,N/A,N/A,N/A,N/A,N/A,N/A,,,,,,9.0000000,N/A,N/A,N/A,N/A,N/A,N/A
Warren Street,114,23,529249,182266,"Northern, Victoria",London Underground,1,-0.136735811,51.52401887,,,,,,,,10.0003000,,8.0000000,,N/A,N/A,N/A,N/A,N/A,N/A,N/A,N/A,N/A,N/A,N/A,N/A
Warwick Avenue,232,98,526112,182039,Bakerloo,London Underground,2,-0.182005998,51.52269118,13.0000000,,,,,,,,,,,N/A,N/A,N/A,N/A,N/A,N/A,N/A,N/A,N/A,N/A,N/A,N/A
Waterloo,198,44,530968,179962,"Waterloo & City, Bakerloo, Northern, Jubilee",London Underground,1,-0.112818812,51.50291418,23.0000000,,,,,18.0000000,,10.0009000,,,1.0000000,N/A,N/A,N/A,N/A,N/A,N/A,N/A,N/A,N/A,N/A,N/A,N/A
Watford,327,463,509569,196596,Metropolitan,London Underground,7,-0.415832512,51.65699167,,,,,,,5.0200000,,,,,N/A,N/A,N/A,N/A,N/A,N/A,N/A,N/A,N/A,N/A,N/A,N/A
Watford High Street,360,468,511326,196075,n/a,London Overground,8,-0.390612987,51.6519637,N/A,N/A,N/A,N/A,N/A,N/A,N/A,N/A,N/A,N/A,N/A,,2.0000000,,,,,N/A,N/A,N/A,N/A,N/A,N/A
Watford Junction,365,469,511021,197351,n/a,London Overground,8,-0.394615064,51.6634936,N/A,N/A,N/A,N/A,N/A,N/A,N/A,N/A,N/A,N/A,N/A,,1.0000000,,,,,N/A,N/A,N/A,N/A,N/A,N/A
Wellesley Road,412,414,532506,165769,n/a,Tramlink,5,-0.095978591,51.37499854,N/A,N/A,N/A,N/A,N/A,N/A,N/A,N/A,N/A,N/A,N/A,N/A,N/A,N/A,N/A,N/A,N/A,N/A,N/A,N/A,413.0000000,5010.0000000,N/A
Wembley Central,222,334,518183,185085,Bakerloo,London Underground,4,-0.295237517,51.55177912,5.0000000,,,,,,,,,,,N/A,N/A,N/A,N/A,N/A,N/A,N/A,N/A,N/A,N/A,N/A,N/A
Wembley Central,361,377,518184,185126,n/a,London Overground,4,-0.295206549,51.55214998,N/A,N/A,N/A,N/A,N/A,N/A,N/A,N/A,N/A,N/A,N/A,,11.0000000,,,,,N/A,N/A,N/A,N/A,N/A,N/A
Wembley Park,252,338,519316,186388,"Metropolitan, Jubilee",London Underground,4,-0.278458638,51.56325938,,,,,,5.0000000,13.0000000,,,,,N/A,N/A,N/A,N/A,N/A,N/A,N/A,N/A,N/A,N/A,N/A,N/A
West Acton,269,251,519373,181296,Central,London Underground,3,-0.279364414,51.51747345,,8.0100000,,,,,,,,,,N/A,N/A,N/A,N/A,N/A,N/A,N/A,N/A,N/A,N/A,N/A,N/A
West Brompton,245,133,525381,178024,District,London Underground,2,-0.193973832,51.48676791,,,,11.0100000,,,,,,,,N/A,N/A,N/A,N/A,N/A,N/A,N/A,N/A,N/A,N/A,N/A,N/A
West Croydon,129,402,532133,166072,n/a,London Overground,5,-0.101229704,51.37780543,N/A,N/A,N/A,N/A,N/A,N/A,N/A,N/A,N/A,N/A,N/A,,,,,,21.0000000,N/A,N/A,N/A,N/A,N/A,N/A
West Croydon (Tramlink),411,413,532210,166142,n/a,Tramlink,5,-0.100095218,51.37841469,N/A,N/A,N/A,N/A,N/A,N/A,N/A,N/A,N/A,N/A,N/A,N/A,N/A,N/A,N/A,N/A,N/A,N/A,N/A,N/A,313.0000000,4010.0000000,N/A
West Drayton,495,489,,,n/a,Elizabeth Line,5,-0.472263900,51.50994170,,,,,,,,,,,,N/A,N/A,N/A,N/A,N/A,N/A,N/A,N/A,N/A,,,9.0000000
West Ealing,499,493,,,n/a,Elizabeth Line,3,-0.320300000,51.51370000,,,,,,,,,,,,N/A,N/A,N/A,N/A,N/A,N/A,N/A,N/A,N/A,,,13.0000000
West Finchley,265,344,525546,191627,Northern,London Underground,4,-0.186738929,51.60898928,,,,,,,,10.0700000,,,,N/A,N/A,N/A,N/A,N/A,N/A,N/A,N/A,N/A,N/A,N/A,N/A
West Ham,201,222,539131,182945,"District, Hammersmith & City, Jubilee",London Underground,3,0.00590508,51.52776913,,,,31.0000000,25.0000000,26.0000000,,,,,,N/A,N/A,N/A,N/A,N/A,N/A,N/A,N/A,N/A,N/A,N/A,N/A
West Ham (DLR),474,288,539182,182943,n/a,DLR,3,0.006640951,51.52774122,N/A,N/A,N/A,N/A,N/A,N/A,N/A,N/A,N/A,N/A,N/A,N/A,N/A,N/A,N/A,N/A,N/A,9.0200000,6.0200000,,N/A,N/A,N/A
West Hampstead,297,104,525592,184653,Jubilee,London Underground,2,-0.188568627,51.54629707,,,,,,10.0000000,,,,,,N/A,N/A,N/A,N/A,N/A,N/A,N/A,N/A,N/A,N/A,N/A,N/A
West Hampstead,362,194,525579,184651,n/a,London Overground,2,-0.188759559,51.54628297,N/A,N/A,N/A,N/A,N/A,N/A,N/A,N/A,N/A,N/A,N/A,,,10.0000000,,,,N/A,N/A,N/A,N/A,N/A,N/A
West Harrow,278,394,514200,188029,Metropolitan,London Underground,5,-0.351706569,51.57906815,,,,,,,10.0100000,,,,,N/A,N/A,N/A,N/A,N/A,N/A,N/A,N/A,N/A,N/A,N/A,N/A
West India Quay,471,188,537495,180586,n/a,DLR,2,-0.018586106,51.50697183,N/A,N/A,N/A,N/A,N/A,N/A,N/A,N/A,N/A,N/A,N/A,N/A,N/A,N/A,N/A,N/A,N/A,,,12.0000000,N/A,N/A,N/A
West Kensington,242,130,524685,178398,District,London Underground,2,-0.203860054,51.49027946,,,,10.0000000,,,,,,,,N/A,N/A,N/A,N/A,N/A,N/A,N/A,N/A,N/A,N/A,N/A,N/A
West Ruislip,75,434,508379,186796,Central,London Underground,6,-0.436073394,51.56913097,,1.0000000,,,,,,,,,,N/A,N/A,N/A,N/A,N/A,N/A,N/A,N/A,N/A,N/A,N/A,N/A
West Silvertown,446,283,540460,180156,n/a,DLR,3,0.023940282,51.50237959,N/A,N/A,N/A,N/A,N/A,N/A,N/A,N/A,N/A,N/A,N/A,N/A,N/A,N/A,N/A,N/A,N/A,,5.0000000,,N/A,N/A,N/A
Westbourne Park,36,87,524901,181756,"Hammersmith & City, Circle",London Underground,2,-0.199554267,51.52041239,,,7.0000000,,7.0000000,,,,,,,N/A,N/A,N/A,N/A,N/A,N/A,N/A,N/A,N/A,N/A,N/A,N/A
Westferry,472,189,537023,180798,n/a,DLR,2,-0.025301528,51.50899182,N/A,N/A,N/A,N/A,N/A,N/A,N/A,N/A,N/A,N/A,N/A,N/A,N/A,N/A,N/A,N/A,N/A,13.0000000,10.0000000,13.0000000,N/A,N/A,N/A
Westminster,195,42,530196,179668,"District, Circle, Jubilee",London Underground,1,-0.124052209,51.50045311,,,27.0000000,17.0000000,,17.0000000,,,,,,N/A,N/A,N/A,N/A,N/A,N/A,N/A,N/A,N/A,N/A,N/A,N/A
Westompton,373,197,525397,178008,n/a,London Overground,2,-0.193747112,51.48661615,N/A,N/A,N/A,N/A,N/A,N/A,N/A,N/A,N/A,N/A,N/A,,,,,,,N/A,N/A,N/A,N/A,N/A,N/A
White City,105,72,523308,180748,Central,London Underground,2,-0.222866489,51.51170695,,10.0000000,,,,,,,,,,N/A,N/A,N/A,N/A,N/A,N/A,N/A,N/A,N/A,N/A,N/A,N/A
White Hart Lane,158,256,533693,191333,n/a,London Overground,3,-0.069256013,51.60447174,N/A,N/A,N/A,N/A,N/A,N/A,N/A,N/A,N/A,N/A,N/A,,,,,11.0000000,,N/A,N/A,N/A,N/A,N/A,N/A
Whitechapel,338,124,534698,181851,n/a,London Overground,2,-0.05838503,51.51901529,N/A,N/A,N/A,N/A,N/A,N/A,N/A,N/A,N/A,N/A,N/A,,,,,,7.0000000,N/A,N/A,N/A,N/A,N/A,N/A
Whitechapel,250,136,534645,181850,"District, Hammersmith & City",London Underground,2,-0.059154123,51.51902202,,,,26.0000000,20.0000000,,,,,,,N/A,N/A,N/A,N/A,N/A,N/A,N/A,N/A,N/A,N/A,N/A,N/A
Whitechapel,507,501,,,n/a,Elizabeth Line,2,-0.05838503,51.51901529,,,,,,,,,,,,N/A,N/A,N/A,N/A,N/A,N/A,N/A,N/A,N/A,N/A,N/A,21.0000000
Willesden Green,296,234,523329,184883,Jubilee,London Underground,3,-0.221119357,51.54886838,,,,,,8.0000000,,,,,,N/A,N/A,N/A,N/A,N/A,N/A,N/A,N/A,N/A,N/A,N/A,N/A
Willesden Junction,261,248,521858,182960,Bakerloo,London Underground,3,-0.242978972,51.5318981,8.0000000,,,,,,,,,,,N/A,N/A,N/A,N/A,N/A,N/A,N/A,N/A,N/A,N/A,N/A,N/A
Willesden Junction,364,478,521879,182944,n/a,London Overground,0,-0.242688895,51.5317515,N/A,N/A,N/A,N/A,N/A,N/A,N/A,N/A,N/A,N/A,N/A,,14.0000000,6.0000000,,,,N/A,N/A,N/A,N/A,N/A,N/A
Wimbledon,333,240,524800,170684,District,London Underground,3,-0.204921053,51.42091587,,,,11.0800000,,,,,,,,N/A,N/A,N/A,N/A,N/A,N/A,N/A,N/A,N/A,N/A,N/A,N/A
Wimbledon (Tramlink),396,269,524838,170637,n/a,Tramlink,3,-0.204395752,51.42048966,N/A,N/A,N/A,N/A,N/A,N/A,N/A,N/A,N/A,N/A,N/A,N/A,N/A,N/A,N/A,N/A,N/A,N/A,N/A,N/A,1.0000000,,N/A
Wimbledon Park,100,203,525282,172100,District,London Underground,3,-0.19749098,51.43353749,,,,11.0700000,,,,,,,,N/A,N/A,N/A,N/A,N/A,N/A,N/A,N/A,N/A,N/A,N/A,N/A
Wood Green,193,220,531015,190428,Piccadilly,London Underground,3,-0.108246806,51.5969712,,,,,,,,,33.0000000,,,N/A,N/A,N/A,N/A,N/A,N/A,N/A,N/A,N/A,N/A,N/A,N/A
Wood Lane,334,121,523374,180519,"Hammersmith & City, Circle",London Underground,2,-0.221994162,51.50963208,,,4.0000000,,4.0000000,,,,,,,N/A,N/A,N/A,N/A,N/A,N/A,N/A,N/A,N/A,N/A,N/A,N/A
Woodford,64,323,540950,191740,Central,London Underground,4,0.035640856,51.60635963,,32.0000000,,,,,,,,,,N/A,N/A,N/A,N/A,N/A,N/A,N/A,N/A,N/A,N/A,N/A,N/A
Woodford,481,323,540950,191740,Central,London Underground,4,0.035640856,51.60635963,,29.1100000,,,,,,,,,,N/A,N/A,N/A,N/A,N/A,N/A,N/A,N/A,N/A,N/A,N/A,N/A
Woodgrange Park,363,477,541821,185350,n/a,London Overground,0,0.045631091,51.54871611,N/A,N/A,N/A,N/A,N/A,N/A,N/A,N/A,N/A,N/A,N/A,,,,11.0000000,,,N/A,N/A,N/A,N/A,N/A,N/A
Woodside,427,424,534701,167101,n/a,Tramlink,5,-0.063965962,51.38645328,N/A,N/A,N/A,N/A,N/A,N/A,N/A,N/A,N/A,N/A,N/A,N/A,N/A,N/A,N/A,N/A,N/A,N/A,N/A,N/A,518.0000000,,N/A
Woodside Park,264,343,525718,192588,Northern,London Underground,4,-0.183907004,51.61758971,,,,,,,,10.0800000,,,,N/A,N/A,N/A,N/A,N/A,N/A,N/A,N/A,N/A,N/A,N/A,N/A
Woolwich,510,504,,,n/a,Elizabeth Line,4,0.071819000,51.49157800,,,,,,,,,,,,N/A,N/A,N/A,N/A,N/A,N/A,N/A,,N/A,N/A,N/A,21.0300000
Woolwich Arsenal,447,373,543731,178811,n/a,DLR,4,0.070492592,51.48946942,N/A,N/A,N/A,N/A,N/A,N/A,N/A,N/A,N/A,N/A,N/A,N/A,N/A,N/A,N/A,N/A,N/A,,1.0000000,,N/A,N/A,N/A